start_date,end_date,geography,geography_code,proportion_pos,proportion_pos_low_95,proportion_pos_high_95,file_name,level,report_date
2020-12-07,2020-12-13,England,E92000001,0.078,0.066,0.091,/home/sebfunk/code/inc2prev/data/ab/20211223covid19infectionsurveydatasets21122021154400.xlsx,national,2021-12-05
2020-12-14,2020-12-20,England,E92000001,0.083,0.071,0.096,/home/sebfunk/code/inc2prev/data/ab/20211223covid19infectionsurveydatasets21122021154400.xlsx,national,2021-12-05
2020-12-21,2020-12-27,England,E92000001,0.086,0.07400000000000001,0.1,/home/sebfunk/code/inc2prev/data/ab/20211223covid19infectionsurveydatasets21122021154400.xlsx,national,2021-12-05
2020-12-28,2021-01-03,England,E92000001,0.08900000000000001,0.077,0.10300000000000001,/home/sebfunk/code/inc2prev/data/ab/20211223covid19infectionsurveydatasets21122021154400.xlsx,national,2021-12-05
2021-01-04,2021-01-10,England,E92000001,0.10400000000000001,0.091,0.11900000000000001,/home/sebfunk/code/inc2prev/data/ab/20211223covid19infectionsurveydatasets21122021154400.xlsx,national,2021-12-05
2021-01-11,2021-01-17,England,E92000001,0.109,0.096,0.125,/home/sebfunk/code/inc2prev/data/ab/20211223covid19infectionsurveydatasets21122021154400.xlsx,national,2021-12-05
2021-01-18,2021-01-24,England,E92000001,0.124,0.109,0.14,/home/sebfunk/code/inc2prev/data/ab/20211223covid19infectionsurveydatasets21122021154400.xlsx,national,2021-12-05
2021-01-25,2021-01-31,England,E92000001,0.142,0.124,0.161,/home/sebfunk/code/inc2prev/data/ab/20211223covid19infectionsurveydatasets21122021154400.xlsx,national,2021-12-05
2021-02-01,2021-02-07,England,E92000001,0.163,0.145,0.184,/home/sebfunk/code/inc2prev/data/ab/20211223covid19infectionsurveydatasets21122021154400.xlsx,national,2021-12-05
2021-02-08,2021-02-14,England,E92000001,0.195,0.175,0.217,/home/sebfunk/code/inc2prev/data/ab/20211223covid19infectionsurveydatasets21122021154400.xlsx,national,2021-12-05
2021-02-15,2021-02-21,England,E92000001,0.233,0.21100000000000002,0.258,/home/sebfunk/code/inc2prev/data/ab/20211223covid19infectionsurveydatasets21122021154400.xlsx,national,2021-12-05
2021-02-22,2021-02-28,England,E92000001,0.28600000000000003,0.262,0.313,/home/sebfunk/code/inc2prev/data/ab/20211223covid19infectionsurveydatasets21122021154400.xlsx,national,2021-12-05
2021-03-01,2021-03-07,England,E92000001,0.336,0.31,0.363,/home/sebfunk/code/inc2prev/data/ab/20211223covid19infectionsurveydatasets21122021154400.xlsx,national,2021-12-05
2021-03-08,2021-03-14,England,E92000001,0.38,0.353,0.41,/home/sebfunk/code/inc2prev/data/ab/20211223covid19infectionsurveydatasets21122021154400.xlsx,national,2021-12-05
2021-03-15,2021-03-21,England,E92000001,0.38299999999999995,0.354,0.414,/home/sebfunk/code/inc2prev/data/ab/20211223covid19infectionsurveydatasets21122021154400.xlsx,national,2021-12-05
2021-03-22,2021-03-28,England,E92000001,0.395,0.365,0.425,/home/sebfunk/code/inc2prev/data/ab/20211223covid19infectionsurveydatasets21122021154400.xlsx,national,2021-12-05
2021-03-29,2021-04-04,England,E92000001,0.475,0.444,0.506,/home/sebfunk/code/inc2prev/data/ab/20211223covid19infectionsurveydatasets21122021154400.xlsx,national,2021-12-05
2021-04-05,2021-04-11,England,E92000001,0.539,0.509,0.5710000000000001,/home/sebfunk/code/inc2prev/data/ab/20211223covid19infectionsurveydatasets21122021154400.xlsx,national,2021-12-05
2021-04-12,2021-04-18,England,E92000001,0.5660000000000001,0.537,0.596,/home/sebfunk/code/inc2prev/data/ab/20211223covid19infectionsurveydatasets21122021154400.xlsx,national,2021-12-05
2021-04-19,2021-04-25,England,E92000001,0.561,0.532,0.59,/home/sebfunk/code/inc2prev/data/ab/20211223covid19infectionsurveydatasets21122021154400.xlsx,national,2021-12-05
2021-04-26,2021-05-02,England,E92000001,0.612,0.585,0.64,/home/sebfunk/code/inc2prev/data/ab/20211223covid19infectionsurveydatasets21122021154400.xlsx,national,2021-12-05
2021-05-03,2021-05-09,England,E92000001,0.6459999999999999,0.62,0.672,/home/sebfunk/code/inc2prev/data/ab/20211223covid19infectionsurveydatasets21122021154400.xlsx,national,2021-12-05
2021-05-10,2021-05-16,England,E92000001,0.654,0.628,0.68,/home/sebfunk/code/inc2prev/data/ab/20211223covid19infectionsurveydatasets21122021154400.xlsx,national,2021-12-05
2021-05-17,2021-05-23,England,E92000001,0.6920000000000001,0.6659999999999999,0.7170000000000001,/home/sebfunk/code/inc2prev/data/ab/20211223covid19infectionsurveydatasets21122021154400.xlsx,national,2021-12-05
2021-05-24,2021-05-30,England,E92000001,0.727,0.703,0.75,/home/sebfunk/code/inc2prev/data/ab/20211223covid19infectionsurveydatasets21122021154400.xlsx,national,2021-12-05
2021-05-31,2021-06-06,England,E92000001,0.7509999999999999,0.7290000000000001,0.773,/home/sebfunk/code/inc2prev/data/ab/20211223covid19infectionsurveydatasets21122021154400.xlsx,national,2021-12-05
2021-06-07,2021-06-13,England,E92000001,0.789,0.769,0.8079999999999999,/home/sebfunk/code/inc2prev/data/ab/20211223covid19infectionsurveydatasets21122021154400.xlsx,national,2021-12-05
2021-06-14,2021-06-20,England,E92000001,0.83,0.813,0.847,/home/sebfunk/code/inc2prev/data/ab/20211223covid19infectionsurveydatasets21122021154400.xlsx,national,2021-12-05
2021-06-21,2021-06-27,England,E92000001,0.857,0.841,0.872,/home/sebfunk/code/inc2prev/data/ab/20211223covid19infectionsurveydatasets21122021154400.xlsx,national,2021-12-05
2021-06-28,2021-07-04,England,E92000001,0.8690000000000001,0.8540000000000001,0.884,/home/sebfunk/code/inc2prev/data/ab/20211223covid19infectionsurveydatasets21122021154400.xlsx,national,2021-12-05
2021-07-05,2021-07-11,England,E92000001,0.897,0.884,0.909,/home/sebfunk/code/inc2prev/data/ab/20211223covid19infectionsurveydatasets21122021154400.xlsx,national,2021-12-05
2021-07-12,2021-07-18,England,E92000001,0.902,0.889,0.914,/home/sebfunk/code/inc2prev/data/ab/20211223covid19infectionsurveydatasets21122021154400.xlsx,national,2021-12-05
2021-07-19,2021-07-25,England,E92000001,0.912,0.9,0.9229999999999999,/home/sebfunk/code/inc2prev/data/ab/20211223covid19infectionsurveydatasets21122021154400.xlsx,national,2021-12-05
2021-07-26,2021-08-01,England,E92000001,0.917,0.905,0.927,/home/sebfunk/code/inc2prev/data/ab/20211223covid19infectionsurveydatasets21122021154400.xlsx,national,2021-12-05
2021-08-02,2021-08-08,England,E92000001,0.9079999999999999,0.8959999999999999,0.919,/home/sebfunk/code/inc2prev/data/ab/20211223covid19infectionsurveydatasets21122021154400.xlsx,national,2021-12-05
2021-08-09,2021-08-15,England,E92000001,0.919,0.9079999999999999,0.929,/home/sebfunk/code/inc2prev/data/ab/20211223covid19infectionsurveydatasets21122021154400.xlsx,national,2021-12-05
2021-08-16,2021-08-22,England,E92000001,0.92,0.909,0.93,/home/sebfunk/code/inc2prev/data/ab/20211223covid19infectionsurveydatasets21122021154400.xlsx,national,2021-12-05
2021-08-23,2021-08-29,England,E92000001,0.922,0.9109999999999999,0.932,/home/sebfunk/code/inc2prev/data/ab/20211223covid19infectionsurveydatasets21122021154400.xlsx,national,2021-12-05
2021-08-30,2021-09-05,England,E92000001,0.9209999999999999,0.909,0.9309999999999999,/home/sebfunk/code/inc2prev/data/ab/20211223covid19infectionsurveydatasets21122021154400.xlsx,national,2021-12-05
2021-09-06,2021-09-12,England,E92000001,0.935,0.9259999999999999,0.943,/home/sebfunk/code/inc2prev/data/ab/20211223covid19infectionsurveydatasets21122021154400.xlsx,national,2021-12-05
2021-09-13,2021-09-19,England,E92000001,0.932,0.922,0.941,/home/sebfunk/code/inc2prev/data/ab/20211223covid19infectionsurveydatasets21122021154400.xlsx,national,2021-12-05
2021-09-20,2021-09-26,England,E92000001,0.924,0.9129999999999999,0.9329999999999999,/home/sebfunk/code/inc2prev/data/ab/20211223covid19infectionsurveydatasets21122021154400.xlsx,national,2021-12-05
2021-09-27,2021-10-03,England,E92000001,0.912,0.899,0.922,/home/sebfunk/code/inc2prev/data/ab/20211223covid19infectionsurveydatasets21122021154400.xlsx,national,2021-12-05
2021-10-04,2021-10-10,England,E92000001,0.9159999999999999,0.905,0.927,/home/sebfunk/code/inc2prev/data/ab/20211223covid19infectionsurveydatasets21122021154400.xlsx,national,2021-12-05
2021-10-11,2021-10-17,England,E92000001,0.93,0.92,0.9390000000000001,/home/sebfunk/code/inc2prev/data/ab/20211223covid19infectionsurveydatasets21122021154400.xlsx,national,2021-12-05
2021-10-18,2021-10-24,England,E92000001,0.9259999999999999,0.9159999999999999,0.935,/home/sebfunk/code/inc2prev/data/ab/20211223covid19infectionsurveydatasets21122021154400.xlsx,national,2021-12-05
2021-10-25,2021-10-31,England,E92000001,0.927,0.9159999999999999,0.9359999999999999,/home/sebfunk/code/inc2prev/data/ab/20211223covid19infectionsurveydatasets21122021154400.xlsx,national,2021-12-05
2021-11-01,2021-11-07,England,E92000001,0.927,0.9159999999999999,0.9359999999999999,/home/sebfunk/code/inc2prev/data/ab/20211223covid19infectionsurveydatasets21122021154400.xlsx,national,2021-12-05
2021-11-08,2021-11-14,England,E92000001,0.9329999999999999,0.9229999999999999,0.9420000000000001,/home/sebfunk/code/inc2prev/data/ab/20211223covid19infectionsurveydatasets21122021154400.xlsx,national,2021-12-05
2021-11-15,2021-11-21,England,E92000001,0.948,0.94,0.955,/home/sebfunk/code/inc2prev/data/ab/20211223covid19infectionsurveydatasets21122021154400.xlsx,national,2021-12-05
2021-11-22,2021-11-28,England,E92000001,0.9470000000000001,0.9390000000000001,0.9540000000000001,/home/sebfunk/code/inc2prev/data/ab/20211223covid19infectionsurveydatasets21122021154400.xlsx,national,2021-12-05
2021-11-29,2021-12-05,England,E92000001,0.95,0.9420000000000001,0.9570000000000001,/home/sebfunk/code/inc2prev/data/ab/20211223covid19infectionsurveydatasets21122021154400.xlsx,national,2021-12-05
2020-12-07,2020-12-13,East Midlands,E12000004,0.063,0.051,0.078,/home/sebfunk/code/inc2prev/data/ab/20211223covid19infectionsurveydatasets21122021154400.xlsx,regional,2021-12-05
2020-12-14,2020-12-20,East Midlands,E12000004,0.067,0.055,0.08199999999999999,/home/sebfunk/code/inc2prev/data/ab/20211223covid19infectionsurveydatasets21122021154400.xlsx,regional,2021-12-05
2020-12-21,2020-12-27,East Midlands,E12000004,0.07,0.057,0.085,/home/sebfunk/code/inc2prev/data/ab/20211223covid19infectionsurveydatasets21122021154400.xlsx,regional,2021-12-05
2020-12-28,2021-01-03,East Midlands,E12000004,0.073,0.061,0.087,/home/sebfunk/code/inc2prev/data/ab/20211223covid19infectionsurveydatasets21122021154400.xlsx,regional,2021-12-05
2021-01-04,2021-01-10,East Midlands,E12000004,0.086,0.073,0.10099999999999999,/home/sebfunk/code/inc2prev/data/ab/20211223covid19infectionsurveydatasets21122021154400.xlsx,regional,2021-12-05
2021-01-11,2021-01-17,East Midlands,E12000004,0.091,0.077,0.106,/home/sebfunk/code/inc2prev/data/ab/20211223covid19infectionsurveydatasets21122021154400.xlsx,regional,2021-12-05
2021-01-18,2021-01-24,East Midlands,E12000004,0.10400000000000001,0.08900000000000001,0.121,/home/sebfunk/code/inc2prev/data/ab/20211223covid19infectionsurveydatasets21122021154400.xlsx,regional,2021-12-05
2021-01-25,2021-01-31,East Midlands,E12000004,0.121,0.10400000000000001,0.14,/home/sebfunk/code/inc2prev/data/ab/20211223covid19infectionsurveydatasets21122021154400.xlsx,regional,2021-12-05
2021-02-01,2021-02-07,East Midlands,E12000004,0.142,0.12300000000000001,0.162,/home/sebfunk/code/inc2prev/data/ab/20211223covid19infectionsurveydatasets21122021154400.xlsx,regional,2021-12-05
2021-02-08,2021-02-14,East Midlands,E12000004,0.17300000000000001,0.152,0.195,/home/sebfunk/code/inc2prev/data/ab/20211223covid19infectionsurveydatasets21122021154400.xlsx,regional,2021-12-05
2021-02-15,2021-02-21,East Midlands,E12000004,0.212,0.19,0.237,/home/sebfunk/code/inc2prev/data/ab/20211223covid19infectionsurveydatasets21122021154400.xlsx,regional,2021-12-05
2021-02-22,2021-02-28,East Midlands,E12000004,0.26899999999999996,0.243,0.29600000000000004,/home/sebfunk/code/inc2prev/data/ab/20211223covid19infectionsurveydatasets21122021154400.xlsx,regional,2021-12-05
2021-03-01,2021-03-07,East Midlands,E12000004,0.322,0.295,0.35100000000000003,/home/sebfunk/code/inc2prev/data/ab/20211223covid19infectionsurveydatasets21122021154400.xlsx,regional,2021-12-05
2021-03-08,2021-03-14,East Midlands,E12000004,0.37,0.341,0.401,/home/sebfunk/code/inc2prev/data/ab/20211223covid19infectionsurveydatasets21122021154400.xlsx,regional,2021-12-05
2021-03-15,2021-03-21,East Midlands,E12000004,0.376,0.345,0.408,/home/sebfunk/code/inc2prev/data/ab/20211223covid19infectionsurveydatasets21122021154400.xlsx,regional,2021-12-05
2021-03-22,2021-03-28,East Midlands,E12000004,0.392,0.361,0.424,/home/sebfunk/code/inc2prev/data/ab/20211223covid19infectionsurveydatasets21122021154400.xlsx,regional,2021-12-05
2021-03-29,2021-04-04,East Midlands,E12000004,0.478,0.446,0.511,/home/sebfunk/code/inc2prev/data/ab/20211223covid19infectionsurveydatasets21122021154400.xlsx,regional,2021-12-05
2021-04-05,2021-04-11,East Midlands,E12000004,0.546,0.515,0.579,/home/sebfunk/code/inc2prev/data/ab/20211223covid19infectionsurveydatasets21122021154400.xlsx,regional,2021-12-05
2021-04-12,2021-04-18,East Midlands,E12000004,0.5770000000000001,0.547,0.608,/home/sebfunk/code/inc2prev/data/ab/20211223covid19infectionsurveydatasets21122021154400.xlsx,regional,2021-12-05
2021-04-19,2021-04-25,East Midlands,E12000004,0.5760000000000001,0.546,0.605,/home/sebfunk/code/inc2prev/data/ab/20211223covid19infectionsurveydatasets21122021154400.xlsx,regional,2021-12-05
2021-04-26,2021-05-02,East Midlands,E12000004,0.629,0.6,0.657,/home/sebfunk/code/inc2prev/data/ab/20211223covid19infectionsurveydatasets21122021154400.xlsx,regional,2021-12-05
2021-05-03,2021-05-09,East Midlands,E12000004,0.664,0.638,0.691,/home/sebfunk/code/inc2prev/data/ab/20211223covid19infectionsurveydatasets21122021154400.xlsx,regional,2021-12-05
2021-05-10,2021-05-16,East Midlands,E12000004,0.672,0.6459999999999999,0.6990000000000001,/home/sebfunk/code/inc2prev/data/ab/20211223covid19infectionsurveydatasets21122021154400.xlsx,regional,2021-12-05
2021-05-17,2021-05-23,East Midlands,E12000004,0.71,0.6829999999999999,0.735,/home/sebfunk/code/inc2prev/data/ab/20211223covid19infectionsurveydatasets21122021154400.xlsx,regional,2021-12-05
2021-05-24,2021-05-30,East Midlands,E12000004,0.743,0.7190000000000001,0.7659999999999999,/home/sebfunk/code/inc2prev/data/ab/20211223covid19infectionsurveydatasets21122021154400.xlsx,regional,2021-12-05
2021-05-31,2021-06-06,East Midlands,E12000004,0.7659999999999999,0.7440000000000001,0.7879999999999999,/home/sebfunk/code/inc2prev/data/ab/20211223covid19infectionsurveydatasets21122021154400.xlsx,regional,2021-12-05
2021-06-07,2021-06-13,East Midlands,E12000004,0.8009999999999999,0.782,0.821,/home/sebfunk/code/inc2prev/data/ab/20211223covid19infectionsurveydatasets21122021154400.xlsx,regional,2021-12-05
2021-06-14,2021-06-20,East Midlands,E12000004,0.84,0.823,0.857,/home/sebfunk/code/inc2prev/data/ab/20211223covid19infectionsurveydatasets21122021154400.xlsx,regional,2021-12-05
2021-06-21,2021-06-27,East Midlands,E12000004,0.865,0.8490000000000001,0.88,/home/sebfunk/code/inc2prev/data/ab/20211223covid19infectionsurveydatasets21122021154400.xlsx,regional,2021-12-05
2021-06-28,2021-07-04,East Midlands,E12000004,0.877,0.861,0.8909999999999999,/home/sebfunk/code/inc2prev/data/ab/20211223covid19infectionsurveydatasets21122021154400.xlsx,regional,2021-12-05
2021-07-05,2021-07-11,East Midlands,E12000004,0.903,0.89,0.9159999999999999,/home/sebfunk/code/inc2prev/data/ab/20211223covid19infectionsurveydatasets21122021154400.xlsx,regional,2021-12-05
2021-07-12,2021-07-18,East Midlands,E12000004,0.9079999999999999,0.895,0.9209999999999999,/home/sebfunk/code/inc2prev/data/ab/20211223covid19infectionsurveydatasets21122021154400.xlsx,regional,2021-12-05
2021-07-19,2021-07-25,East Midlands,E12000004,0.917,0.905,0.929,/home/sebfunk/code/inc2prev/data/ab/20211223covid19infectionsurveydatasets21122021154400.xlsx,regional,2021-12-05
2021-07-26,2021-08-01,East Midlands,E12000004,0.9209999999999999,0.91,0.932,/home/sebfunk/code/inc2prev/data/ab/20211223covid19infectionsurveydatasets21122021154400.xlsx,regional,2021-12-05
2021-08-02,2021-08-08,East Midlands,E12000004,0.9129999999999999,0.9,0.925,/home/sebfunk/code/inc2prev/data/ab/20211223covid19infectionsurveydatasets21122021154400.xlsx,regional,2021-12-05
2021-08-09,2021-08-15,East Midlands,E12000004,0.9229999999999999,0.912,0.934,/home/sebfunk/code/inc2prev/data/ab/20211223covid19infectionsurveydatasets21122021154400.xlsx,regional,2021-12-05
2021-08-16,2021-08-22,East Midlands,E12000004,0.924,0.9129999999999999,0.935,/home/sebfunk/code/inc2prev/data/ab/20211223covid19infectionsurveydatasets21122021154400.xlsx,regional,2021-12-05
2021-08-23,2021-08-29,East Midlands,E12000004,0.9259999999999999,0.914,0.9359999999999999,/home/sebfunk/code/inc2prev/data/ab/20211223covid19infectionsurveydatasets21122021154400.xlsx,regional,2021-12-05
2021-08-30,2021-09-05,East Midlands,E12000004,0.925,0.9129999999999999,0.935,/home/sebfunk/code/inc2prev/data/ab/20211223covid19infectionsurveydatasets21122021154400.xlsx,regional,2021-12-05
2021-09-06,2021-09-12,East Midlands,E12000004,0.938,0.9279999999999999,0.9470000000000001,/home/sebfunk/code/inc2prev/data/ab/20211223covid19infectionsurveydatasets21122021154400.xlsx,regional,2021-12-05
2021-09-13,2021-09-19,East Midlands,E12000004,0.935,0.925,0.9440000000000001,/home/sebfunk/code/inc2prev/data/ab/20211223covid19infectionsurveydatasets21122021154400.xlsx,regional,2021-12-05
2021-09-20,2021-09-26,East Midlands,E12000004,0.9259999999999999,0.915,0.9359999999999999,/home/sebfunk/code/inc2prev/data/ab/20211223covid19infectionsurveydatasets21122021154400.xlsx,regional,2021-12-05
2021-09-27,2021-10-03,East Midlands,E12000004,0.9129999999999999,0.9,0.925,/home/sebfunk/code/inc2prev/data/ab/20211223covid19infectionsurveydatasets21122021154400.xlsx,regional,2021-12-05
2021-10-04,2021-10-10,East Midlands,E12000004,0.917,0.904,0.9279999999999999,/home/sebfunk/code/inc2prev/data/ab/20211223covid19infectionsurveydatasets21122021154400.xlsx,regional,2021-12-05
2021-10-11,2021-10-17,East Midlands,E12000004,0.93,0.919,0.94,/home/sebfunk/code/inc2prev/data/ab/20211223covid19infectionsurveydatasets21122021154400.xlsx,regional,2021-12-05
2021-10-18,2021-10-24,East Midlands,E12000004,0.925,0.9129999999999999,0.935,/home/sebfunk/code/inc2prev/data/ab/20211223covid19infectionsurveydatasets21122021154400.xlsx,regional,2021-12-05
2021-10-25,2021-10-31,East Midlands,E12000004,0.925,0.9129999999999999,0.935,/home/sebfunk/code/inc2prev/data/ab/20211223covid19infectionsurveydatasets21122021154400.xlsx,regional,2021-12-05
2021-11-01,2021-11-07,East Midlands,E12000004,0.924,0.912,0.935,/home/sebfunk/code/inc2prev/data/ab/20211223covid19infectionsurveydatasets21122021154400.xlsx,regional,2021-12-05
2021-11-08,2021-11-14,East Midlands,E12000004,0.93,0.9179999999999999,0.94,/home/sebfunk/code/inc2prev/data/ab/20211223covid19infectionsurveydatasets21122021154400.xlsx,regional,2021-12-05
2021-11-15,2021-11-21,East Midlands,E12000004,0.945,0.935,0.9540000000000001,/home/sebfunk/code/inc2prev/data/ab/20211223covid19infectionsurveydatasets21122021154400.xlsx,regional,2021-12-05
2021-11-22,2021-11-28,East Midlands,E12000004,0.943,0.9329999999999999,0.9520000000000001,/home/sebfunk/code/inc2prev/data/ab/20211223covid19infectionsurveydatasets21122021154400.xlsx,regional,2021-12-05
2021-11-29,2021-12-05,East Midlands,E12000004,0.945,0.934,0.955,/home/sebfunk/code/inc2prev/data/ab/20211223covid19infectionsurveydatasets21122021154400.xlsx,regional,2021-12-05
2020-12-07,2020-12-13,East of England,E12000006,0.057,0.046,0.07,/home/sebfunk/code/inc2prev/data/ab/20211223covid19infectionsurveydatasets21122021154400.xlsx,regional,2021-12-05
2020-12-14,2020-12-20,East of England,E12000006,0.063,0.052000000000000005,0.075,/home/sebfunk/code/inc2prev/data/ab/20211223covid19infectionsurveydatasets21122021154400.xlsx,regional,2021-12-05
2020-12-21,2020-12-27,East of England,E12000006,0.067,0.055,0.081,/home/sebfunk/code/inc2prev/data/ab/20211223covid19infectionsurveydatasets21122021154400.xlsx,regional,2021-12-05
2020-12-28,2021-01-03,East of England,E12000006,0.07200000000000001,0.061,0.086,/home/sebfunk/code/inc2prev/data/ab/20211223covid19infectionsurveydatasets21122021154400.xlsx,regional,2021-12-05
2021-01-04,2021-01-10,East of England,E12000006,0.08800000000000001,0.075,0.102,/home/sebfunk/code/inc2prev/data/ab/20211223covid19infectionsurveydatasets21122021154400.xlsx,regional,2021-12-05
2021-01-11,2021-01-17,East of England,E12000006,0.094,0.081,0.11,/home/sebfunk/code/inc2prev/data/ab/20211223covid19infectionsurveydatasets21122021154400.xlsx,regional,2021-12-05
2021-01-18,2021-01-24,East of England,E12000006,0.11,0.095,0.126,/home/sebfunk/code/inc2prev/data/ab/20211223covid19infectionsurveydatasets21122021154400.xlsx,regional,2021-12-05
2021-01-25,2021-01-31,East of England,E12000006,0.129,0.11199999999999999,0.14800000000000002,/home/sebfunk/code/inc2prev/data/ab/20211223covid19infectionsurveydatasets21122021154400.xlsx,regional,2021-12-05
2021-02-01,2021-02-07,East of England,E12000006,0.153,0.134,0.174,/home/sebfunk/code/inc2prev/data/ab/20211223covid19infectionsurveydatasets21122021154400.xlsx,regional,2021-12-05
2021-02-08,2021-02-14,East of England,E12000006,0.18600000000000003,0.165,0.21,/home/sebfunk/code/inc2prev/data/ab/20211223covid19infectionsurveydatasets21122021154400.xlsx,regional,2021-12-05
2021-02-15,2021-02-21,East of England,E12000006,0.22699999999999998,0.203,0.252,/home/sebfunk/code/inc2prev/data/ab/20211223covid19infectionsurveydatasets21122021154400.xlsx,regional,2021-12-05
2021-02-22,2021-02-28,East of England,E12000006,0.28300000000000003,0.256,0.31,/home/sebfunk/code/inc2prev/data/ab/20211223covid19infectionsurveydatasets21122021154400.xlsx,regional,2021-12-05
2021-03-01,2021-03-07,East of England,E12000006,0.335,0.307,0.364,/home/sebfunk/code/inc2prev/data/ab/20211223covid19infectionsurveydatasets21122021154400.xlsx,regional,2021-12-05
2021-03-08,2021-03-14,East of England,E12000006,0.379,0.35,0.41,/home/sebfunk/code/inc2prev/data/ab/20211223covid19infectionsurveydatasets21122021154400.xlsx,regional,2021-12-05
2021-03-15,2021-03-21,East of England,E12000006,0.382,0.35,0.414,/home/sebfunk/code/inc2prev/data/ab/20211223covid19infectionsurveydatasets21122021154400.xlsx,regional,2021-12-05
2021-03-22,2021-03-28,East of England,E12000006,0.39399999999999996,0.363,0.426,/home/sebfunk/code/inc2prev/data/ab/20211223covid19infectionsurveydatasets21122021154400.xlsx,regional,2021-12-05
2021-03-29,2021-04-04,East of England,E12000006,0.475,0.44299999999999995,0.508,/home/sebfunk/code/inc2prev/data/ab/20211223covid19infectionsurveydatasets21122021154400.xlsx,regional,2021-12-05
2021-04-05,2021-04-11,East of England,E12000006,0.541,0.509,0.573,/home/sebfunk/code/inc2prev/data/ab/20211223covid19infectionsurveydatasets21122021154400.xlsx,regional,2021-12-05
2021-04-12,2021-04-18,East of England,E12000006,0.568,0.5379999999999999,0.6,/home/sebfunk/code/inc2prev/data/ab/20211223covid19infectionsurveydatasets21122021154400.xlsx,regional,2021-12-05
2021-04-19,2021-04-25,East of England,E12000006,0.565,0.535,0.595,/home/sebfunk/code/inc2prev/data/ab/20211223covid19infectionsurveydatasets21122021154400.xlsx,regional,2021-12-05
2021-04-26,2021-05-02,East of England,E12000006,0.617,0.588,0.645,/home/sebfunk/code/inc2prev/data/ab/20211223covid19infectionsurveydatasets21122021154400.xlsx,regional,2021-12-05
2021-05-03,2021-05-09,East of England,E12000006,0.652,0.624,0.679,/home/sebfunk/code/inc2prev/data/ab/20211223covid19infectionsurveydatasets21122021154400.xlsx,regional,2021-12-05
2021-05-10,2021-05-16,East of England,E12000006,0.6609999999999999,0.634,0.688,/home/sebfunk/code/inc2prev/data/ab/20211223covid19infectionsurveydatasets21122021154400.xlsx,regional,2021-12-05
2021-05-17,2021-05-23,East of England,E12000006,0.7,0.6729999999999999,0.726,/home/sebfunk/code/inc2prev/data/ab/20211223covid19infectionsurveydatasets21122021154400.xlsx,regional,2021-12-05
2021-05-24,2021-05-30,East of England,E12000006,0.737,0.7120000000000001,0.76,/home/sebfunk/code/inc2prev/data/ab/20211223covid19infectionsurveydatasets21122021154400.xlsx,regional,2021-12-05
2021-05-31,2021-06-06,East of England,E12000006,0.762,0.7390000000000001,0.784,/home/sebfunk/code/inc2prev/data/ab/20211223covid19infectionsurveydatasets21122021154400.xlsx,regional,2021-12-05
2021-06-07,2021-06-13,East of England,E12000006,0.799,0.779,0.818,/home/sebfunk/code/inc2prev/data/ab/20211223covid19infectionsurveydatasets21122021154400.xlsx,regional,2021-12-05
2021-06-14,2021-06-20,East of England,E12000006,0.8390000000000001,0.821,0.856,/home/sebfunk/code/inc2prev/data/ab/20211223covid19infectionsurveydatasets21122021154400.xlsx,regional,2021-12-05
2021-06-21,2021-06-27,East of England,E12000006,0.8640000000000001,0.848,0.879,/home/sebfunk/code/inc2prev/data/ab/20211223covid19infectionsurveydatasets21122021154400.xlsx,regional,2021-12-05
2021-06-28,2021-07-04,East of England,E12000006,0.875,0.86,0.89,/home/sebfunk/code/inc2prev/data/ab/20211223covid19infectionsurveydatasets21122021154400.xlsx,regional,2021-12-05
2021-07-05,2021-07-11,East of England,E12000006,0.9009999999999999,0.888,0.914,/home/sebfunk/code/inc2prev/data/ab/20211223covid19infectionsurveydatasets21122021154400.xlsx,regional,2021-12-05
2021-07-12,2021-07-18,East of England,E12000006,0.9059999999999999,0.893,0.9179999999999999,/home/sebfunk/code/inc2prev/data/ab/20211223covid19infectionsurveydatasets21122021154400.xlsx,regional,2021-12-05
2021-07-19,2021-07-25,East of England,E12000006,0.915,0.902,0.9259999999999999,/home/sebfunk/code/inc2prev/data/ab/20211223covid19infectionsurveydatasets21122021154400.xlsx,regional,2021-12-05
2021-07-26,2021-08-01,East of England,E12000006,0.919,0.9059999999999999,0.93,/home/sebfunk/code/inc2prev/data/ab/20211223covid19infectionsurveydatasets21122021154400.xlsx,regional,2021-12-05
2021-08-02,2021-08-08,East of England,E12000006,0.91,0.8959999999999999,0.922,/home/sebfunk/code/inc2prev/data/ab/20211223covid19infectionsurveydatasets21122021154400.xlsx,regional,2021-12-05
2021-08-09,2021-08-15,East of England,E12000006,0.92,0.9079999999999999,0.9309999999999999,/home/sebfunk/code/inc2prev/data/ab/20211223covid19infectionsurveydatasets21122021154400.xlsx,regional,2021-12-05
2021-08-16,2021-08-22,East of England,E12000006,0.9209999999999999,0.909,0.9309999999999999,/home/sebfunk/code/inc2prev/data/ab/20211223covid19infectionsurveydatasets21122021154400.xlsx,regional,2021-12-05
2021-08-23,2021-08-29,East of England,E12000006,0.922,0.91,0.9329999999999999,/home/sebfunk/code/inc2prev/data/ab/20211223covid19infectionsurveydatasets21122021154400.xlsx,regional,2021-12-05
2021-08-30,2021-09-05,East of England,E12000006,0.92,0.907,0.9309999999999999,/home/sebfunk/code/inc2prev/data/ab/20211223covid19infectionsurveydatasets21122021154400.xlsx,regional,2021-12-05
2021-09-06,2021-09-12,East of England,E12000006,0.934,0.924,0.943,/home/sebfunk/code/inc2prev/data/ab/20211223covid19infectionsurveydatasets21122021154400.xlsx,regional,2021-12-05
2021-09-13,2021-09-19,East of England,E12000006,0.9309999999999999,0.92,0.94,/home/sebfunk/code/inc2prev/data/ab/20211223covid19infectionsurveydatasets21122021154400.xlsx,regional,2021-12-05
2021-09-20,2021-09-26,East of England,E12000006,0.922,0.91,0.9329999999999999,/home/sebfunk/code/inc2prev/data/ab/20211223covid19infectionsurveydatasets21122021154400.xlsx,regional,2021-12-05
2021-09-27,2021-10-03,East of England,E12000006,0.909,0.8959999999999999,0.9209999999999999,/home/sebfunk/code/inc2prev/data/ab/20211223covid19infectionsurveydatasets21122021154400.xlsx,regional,2021-12-05
2021-10-04,2021-10-10,East of England,E12000006,0.914,0.9009999999999999,0.925,/home/sebfunk/code/inc2prev/data/ab/20211223covid19infectionsurveydatasets21122021154400.xlsx,regional,2021-12-05
2021-10-11,2021-10-17,East of England,E12000006,0.9279999999999999,0.917,0.938,/home/sebfunk/code/inc2prev/data/ab/20211223covid19infectionsurveydatasets21122021154400.xlsx,regional,2021-12-05
2021-10-18,2021-10-24,East of England,E12000006,0.924,0.912,0.934,/home/sebfunk/code/inc2prev/data/ab/20211223covid19infectionsurveydatasets21122021154400.xlsx,regional,2021-12-05
2021-10-25,2021-10-31,East of England,E12000006,0.925,0.9129999999999999,0.935,/home/sebfunk/code/inc2prev/data/ab/20211223covid19infectionsurveydatasets21122021154400.xlsx,regional,2021-12-05
2021-11-01,2021-11-07,East of England,E12000006,0.925,0.9129999999999999,0.935,/home/sebfunk/code/inc2prev/data/ab/20211223covid19infectionsurveydatasets21122021154400.xlsx,regional,2021-12-05
2021-11-08,2021-11-14,East of England,E12000006,0.9309999999999999,0.92,0.941,/home/sebfunk/code/inc2prev/data/ab/20211223covid19infectionsurveydatasets21122021154400.xlsx,regional,2021-12-05
2021-11-15,2021-11-21,East of England,E12000006,0.9470000000000001,0.938,0.955,/home/sebfunk/code/inc2prev/data/ab/20211223covid19infectionsurveydatasets21122021154400.xlsx,regional,2021-12-05
2021-11-22,2021-11-28,East of England,E12000006,0.946,0.935,0.9540000000000001,/home/sebfunk/code/inc2prev/data/ab/20211223covid19infectionsurveydatasets21122021154400.xlsx,regional,2021-12-05
2021-11-29,2021-12-05,East of England,E12000006,0.948,0.938,0.9570000000000001,/home/sebfunk/code/inc2prev/data/ab/20211223covid19infectionsurveydatasets21122021154400.xlsx,regional,2021-12-05
2020-12-07,2020-12-13,London,E12000007,0.122,0.10099999999999999,0.146,/home/sebfunk/code/inc2prev/data/ab/20211223covid19infectionsurveydatasets21122021154400.xlsx,regional,2021-12-05
2020-12-14,2020-12-20,London,E12000007,0.131,0.111,0.154,/home/sebfunk/code/inc2prev/data/ab/20211223covid19infectionsurveydatasets21122021154400.xlsx,regional,2021-12-05
2020-12-21,2020-12-27,London,E12000007,0.13699999999999998,0.11699999999999999,0.159,/home/sebfunk/code/inc2prev/data/ab/20211223covid19infectionsurveydatasets21122021154400.xlsx,regional,2021-12-05
2020-12-28,2021-01-03,London,E12000007,0.14300000000000002,0.12300000000000001,0.16399999999999998,/home/sebfunk/code/inc2prev/data/ab/20211223covid19infectionsurveydatasets21122021154400.xlsx,regional,2021-12-05
2021-01-04,2021-01-10,London,E12000007,0.16399999999999998,0.14300000000000002,0.187,/home/sebfunk/code/inc2prev/data/ab/20211223covid19infectionsurveydatasets21122021154400.xlsx,regional,2021-12-05
2021-01-11,2021-01-17,London,E12000007,0.16899999999999998,0.14800000000000002,0.193,/home/sebfunk/code/inc2prev/data/ab/20211223covid19infectionsurveydatasets21122021154400.xlsx,regional,2021-12-05
2021-01-18,2021-01-24,London,E12000007,0.185,0.163,0.21,/home/sebfunk/code/inc2prev/data/ab/20211223covid19infectionsurveydatasets21122021154400.xlsx,regional,2021-12-05
2021-01-25,2021-01-31,London,E12000007,0.204,0.18,0.231,/home/sebfunk/code/inc2prev/data/ab/20211223covid19infectionsurveydatasets21122021154400.xlsx,regional,2021-12-05
2021-02-01,2021-02-07,London,E12000007,0.22399999999999998,0.19899999999999998,0.252,/home/sebfunk/code/inc2prev/data/ab/20211223covid19infectionsurveydatasets21122021154400.xlsx,regional,2021-12-05
2021-02-08,2021-02-14,London,E12000007,0.255,0.228,0.284,/home/sebfunk/code/inc2prev/data/ab/20211223covid19infectionsurveydatasets21122021154400.xlsx,regional,2021-12-05
2021-02-15,2021-02-21,London,E12000007,0.285,0.258,0.316,/home/sebfunk/code/inc2prev/data/ab/20211223covid19infectionsurveydatasets21122021154400.xlsx,regional,2021-12-05
2021-02-22,2021-02-28,London,E12000007,0.326,0.298,0.358,/home/sebfunk/code/inc2prev/data/ab/20211223covid19infectionsurveydatasets21122021154400.xlsx,regional,2021-12-05
2021-03-01,2021-03-07,London,E12000007,0.365,0.336,0.39799999999999996,/home/sebfunk/code/inc2prev/data/ab/20211223covid19infectionsurveydatasets21122021154400.xlsx,regional,2021-12-05
2021-03-08,2021-03-14,London,E12000007,0.405,0.374,0.439,/home/sebfunk/code/inc2prev/data/ab/20211223covid19infectionsurveydatasets21122021154400.xlsx,regional,2021-12-05
2021-03-15,2021-03-21,London,E12000007,0.406,0.375,0.442,/home/sebfunk/code/inc2prev/data/ab/20211223covid19infectionsurveydatasets21122021154400.xlsx,regional,2021-12-05
2021-03-22,2021-03-28,London,E12000007,0.41200000000000003,0.381,0.445,/home/sebfunk/code/inc2prev/data/ab/20211223covid19infectionsurveydatasets21122021154400.xlsx,regional,2021-12-05
2021-03-29,2021-04-04,London,E12000007,0.48200000000000004,0.451,0.516,/home/sebfunk/code/inc2prev/data/ab/20211223covid19infectionsurveydatasets21122021154400.xlsx,regional,2021-12-05
2021-04-05,2021-04-11,London,E12000007,0.539,0.508,0.5720000000000001,/home/sebfunk/code/inc2prev/data/ab/20211223covid19infectionsurveydatasets21122021154400.xlsx,regional,2021-12-05
2021-04-12,2021-04-18,London,E12000007,0.557,0.526,0.59,/home/sebfunk/code/inc2prev/data/ab/20211223covid19infectionsurveydatasets21122021154400.xlsx,regional,2021-12-05
2021-04-19,2021-04-25,London,E12000007,0.545,0.514,0.5770000000000001,/home/sebfunk/code/inc2prev/data/ab/20211223covid19infectionsurveydatasets21122021154400.xlsx,regional,2021-12-05
2021-04-26,2021-05-02,London,E12000007,0.588,0.5579999999999999,0.619,/home/sebfunk/code/inc2prev/data/ab/20211223covid19infectionsurveydatasets21122021154400.xlsx,regional,2021-12-05
2021-05-03,2021-05-09,London,E12000007,0.615,0.586,0.645,/home/sebfunk/code/inc2prev/data/ab/20211223covid19infectionsurveydatasets21122021154400.xlsx,regional,2021-12-05
2021-05-10,2021-05-16,London,E12000007,0.623,0.594,0.653,/home/sebfunk/code/inc2prev/data/ab/20211223covid19infectionsurveydatasets21122021154400.xlsx,regional,2021-12-05
2021-05-17,2021-05-23,London,E12000007,0.665,0.636,0.693,/home/sebfunk/code/inc2prev/data/ab/20211223covid19infectionsurveydatasets21122021154400.xlsx,regional,2021-12-05
2021-05-24,2021-05-30,London,E12000007,0.705,0.6779999999999999,0.731,/home/sebfunk/code/inc2prev/data/ab/20211223covid19infectionsurveydatasets21122021154400.xlsx,regional,2021-12-05
2021-05-31,2021-06-06,London,E12000007,0.733,0.7070000000000001,0.757,/home/sebfunk/code/inc2prev/data/ab/20211223covid19infectionsurveydatasets21122021154400.xlsx,regional,2021-12-05
2021-06-07,2021-06-13,London,E12000007,0.7759999999999999,0.754,0.7979999999999999,/home/sebfunk/code/inc2prev/data/ab/20211223covid19infectionsurveydatasets21122021154400.xlsx,regional,2021-12-05
2021-06-14,2021-06-20,London,E12000007,0.8240000000000001,0.805,0.843,/home/sebfunk/code/inc2prev/data/ab/20211223covid19infectionsurveydatasets21122021154400.xlsx,regional,2021-12-05
2021-06-21,2021-06-27,London,E12000007,0.857,0.8390000000000001,0.873,/home/sebfunk/code/inc2prev/data/ab/20211223covid19infectionsurveydatasets21122021154400.xlsx,regional,2021-12-05
2021-06-28,2021-07-04,London,E12000007,0.8740000000000001,0.858,0.889,/home/sebfunk/code/inc2prev/data/ab/20211223covid19infectionsurveydatasets21122021154400.xlsx,regional,2021-12-05
2021-07-05,2021-07-11,London,E12000007,0.904,0.89,0.9159999999999999,/home/sebfunk/code/inc2prev/data/ab/20211223covid19infectionsurveydatasets21122021154400.xlsx,regional,2021-12-05
2021-07-12,2021-07-18,London,E12000007,0.91,0.897,0.922,/home/sebfunk/code/inc2prev/data/ab/20211223covid19infectionsurveydatasets21122021154400.xlsx,regional,2021-12-05
2021-07-19,2021-07-25,London,E12000007,0.9209999999999999,0.909,0.9309999999999999,/home/sebfunk/code/inc2prev/data/ab/20211223covid19infectionsurveydatasets21122021154400.xlsx,regional,2021-12-05
2021-07-26,2021-08-01,London,E12000007,0.9259999999999999,0.915,0.9359999999999999,/home/sebfunk/code/inc2prev/data/ab/20211223covid19infectionsurveydatasets21122021154400.xlsx,regional,2021-12-05
2021-08-02,2021-08-08,London,E12000007,0.919,0.907,0.93,/home/sebfunk/code/inc2prev/data/ab/20211223covid19infectionsurveydatasets21122021154400.xlsx,regional,2021-12-05
2021-08-09,2021-08-15,London,E12000007,0.93,0.919,0.94,/home/sebfunk/code/inc2prev/data/ab/20211223covid19infectionsurveydatasets21122021154400.xlsx,regional,2021-12-05
2021-08-16,2021-08-22,London,E12000007,0.9309999999999999,0.9209999999999999,0.941,/home/sebfunk/code/inc2prev/data/ab/20211223covid19infectionsurveydatasets21122021154400.xlsx,regional,2021-12-05
2021-08-23,2021-08-29,London,E12000007,0.934,0.9229999999999999,0.943,/home/sebfunk/code/inc2prev/data/ab/20211223covid19infectionsurveydatasets21122021154400.xlsx,regional,2021-12-05
2021-08-30,2021-09-05,London,E12000007,0.9329999999999999,0.9229999999999999,0.9420000000000001,/home/sebfunk/code/inc2prev/data/ab/20211223covid19infectionsurveydatasets21122021154400.xlsx,regional,2021-12-05
2021-09-06,2021-09-12,London,E12000007,0.946,0.937,0.953,/home/sebfunk/code/inc2prev/data/ab/20211223covid19infectionsurveydatasets21122021154400.xlsx,regional,2021-12-05
2021-09-13,2021-09-19,London,E12000007,0.9440000000000001,0.935,0.9520000000000001,/home/sebfunk/code/inc2prev/data/ab/20211223covid19infectionsurveydatasets21122021154400.xlsx,regional,2021-12-05
2021-09-20,2021-09-26,London,E12000007,0.9390000000000001,0.93,0.9470000000000001,/home/sebfunk/code/inc2prev/data/ab/20211223covid19infectionsurveydatasets21122021154400.xlsx,regional,2021-12-05
2021-09-27,2021-10-03,London,E12000007,0.93,0.92,0.9390000000000001,/home/sebfunk/code/inc2prev/data/ab/20211223covid19infectionsurveydatasets21122021154400.xlsx,regional,2021-12-05
2021-10-04,2021-10-10,London,E12000007,0.935,0.925,0.943,/home/sebfunk/code/inc2prev/data/ab/20211223covid19infectionsurveydatasets21122021154400.xlsx,regional,2021-12-05
2021-10-11,2021-10-17,London,E12000007,0.946,0.937,0.953,/home/sebfunk/code/inc2prev/data/ab/20211223covid19infectionsurveydatasets21122021154400.xlsx,regional,2021-12-05
2021-10-18,2021-10-24,London,E12000007,0.943,0.934,0.95,/home/sebfunk/code/inc2prev/data/ab/20211223covid19infectionsurveydatasets21122021154400.xlsx,regional,2021-12-05
2021-10-25,2021-10-31,London,E12000007,0.943,0.934,0.951,/home/sebfunk/code/inc2prev/data/ab/20211223covid19infectionsurveydatasets21122021154400.xlsx,regional,2021-12-05
2021-11-01,2021-11-07,London,E12000007,0.943,0.934,0.951,/home/sebfunk/code/inc2prev/data/ab/20211223covid19infectionsurveydatasets21122021154400.xlsx,regional,2021-12-05
2021-11-08,2021-11-14,London,E12000007,0.9470000000000001,0.938,0.9540000000000001,/home/sebfunk/code/inc2prev/data/ab/20211223covid19infectionsurveydatasets21122021154400.xlsx,regional,2021-12-05
2021-11-15,2021-11-21,London,E12000007,0.9590000000000001,0.9520000000000001,0.965,/home/sebfunk/code/inc2prev/data/ab/20211223covid19infectionsurveydatasets21122021154400.xlsx,regional,2021-12-05
2021-11-22,2021-11-28,London,E12000007,0.9570000000000001,0.9490000000000001,0.9640000000000001,/home/sebfunk/code/inc2prev/data/ab/20211223covid19infectionsurveydatasets21122021154400.xlsx,regional,2021-12-05
2021-11-29,2021-12-05,London,E12000007,0.958,0.95,0.965,/home/sebfunk/code/inc2prev/data/ab/20211223covid19infectionsurveydatasets21122021154400.xlsx,regional,2021-12-05
2020-12-07,2020-12-13,North East,E12000001,0.08,0.064,0.10099999999999999,/home/sebfunk/code/inc2prev/data/ab/20211223covid19infectionsurveydatasets21122021154400.xlsx,regional,2021-12-05
2020-12-14,2020-12-20,North East,E12000001,0.083,0.067,0.10300000000000001,/home/sebfunk/code/inc2prev/data/ab/20211223covid19infectionsurveydatasets21122021154400.xlsx,regional,2021-12-05
2020-12-21,2020-12-27,North East,E12000001,0.084,0.069,0.10300000000000001,/home/sebfunk/code/inc2prev/data/ab/20211223covid19infectionsurveydatasets21122021154400.xlsx,regional,2021-12-05
2020-12-28,2021-01-03,North East,E12000001,0.086,0.071,0.10300000000000001,/home/sebfunk/code/inc2prev/data/ab/20211223covid19infectionsurveydatasets21122021154400.xlsx,regional,2021-12-05
2021-01-04,2021-01-10,North East,E12000001,0.098,0.083,0.11599999999999999,/home/sebfunk/code/inc2prev/data/ab/20211223covid19infectionsurveydatasets21122021154400.xlsx,regional,2021-12-05
2021-01-11,2021-01-17,North East,E12000001,0.102,0.086,0.12,/home/sebfunk/code/inc2prev/data/ab/20211223covid19infectionsurveydatasets21122021154400.xlsx,regional,2021-12-05
2021-01-18,2021-01-24,North East,E12000001,0.114,0.09699999999999999,0.133,/home/sebfunk/code/inc2prev/data/ab/20211223covid19infectionsurveydatasets21122021154400.xlsx,regional,2021-12-05
2021-01-25,2021-01-31,North East,E12000001,0.13,0.111,0.152,/home/sebfunk/code/inc2prev/data/ab/20211223covid19infectionsurveydatasets21122021154400.xlsx,regional,2021-12-05
2021-02-01,2021-02-07,North East,E12000001,0.149,0.129,0.17300000000000001,/home/sebfunk/code/inc2prev/data/ab/20211223covid19infectionsurveydatasets21122021154400.xlsx,regional,2021-12-05
2021-02-08,2021-02-14,North East,E12000001,0.179,0.156,0.204,/home/sebfunk/code/inc2prev/data/ab/20211223covid19infectionsurveydatasets21122021154400.xlsx,regional,2021-12-05
2021-02-15,2021-02-21,North East,E12000001,0.214,0.18899999999999997,0.24100000000000002,/home/sebfunk/code/inc2prev/data/ab/20211223covid19infectionsurveydatasets21122021154400.xlsx,regional,2021-12-05
2021-02-22,2021-02-28,North East,E12000001,0.266,0.23800000000000002,0.29600000000000004,/home/sebfunk/code/inc2prev/data/ab/20211223covid19infectionsurveydatasets21122021154400.xlsx,regional,2021-12-05
2021-03-01,2021-03-07,North East,E12000001,0.315,0.28600000000000003,0.34600000000000003,/home/sebfunk/code/inc2prev/data/ab/20211223covid19infectionsurveydatasets21122021154400.xlsx,regional,2021-12-05
2021-03-08,2021-03-14,North East,E12000001,0.35700000000000004,0.326,0.39,/home/sebfunk/code/inc2prev/data/ab/20211223covid19infectionsurveydatasets21122021154400.xlsx,regional,2021-12-05
2021-03-15,2021-03-21,North East,E12000001,0.355,0.322,0.389,/home/sebfunk/code/inc2prev/data/ab/20211223covid19infectionsurveydatasets21122021154400.xlsx,regional,2021-12-05
2021-03-22,2021-03-28,North East,E12000001,0.365,0.332,0.39799999999999996,/home/sebfunk/code/inc2prev/data/ab/20211223covid19infectionsurveydatasets21122021154400.xlsx,regional,2021-12-05
2021-03-29,2021-04-04,North East,E12000001,0.446,0.41200000000000003,0.48100000000000004,/home/sebfunk/code/inc2prev/data/ab/20211223covid19infectionsurveydatasets21122021154400.xlsx,regional,2021-12-05
2021-04-05,2021-04-11,North East,E12000001,0.513,0.479,0.5479999999999999,/home/sebfunk/code/inc2prev/data/ab/20211223covid19infectionsurveydatasets21122021154400.xlsx,regional,2021-12-05
2021-04-12,2021-04-18,North East,E12000001,0.545,0.512,0.578,/home/sebfunk/code/inc2prev/data/ab/20211223covid19infectionsurveydatasets21122021154400.xlsx,regional,2021-12-05
2021-04-19,2021-04-25,North East,E12000001,0.545,0.513,0.578,/home/sebfunk/code/inc2prev/data/ab/20211223covid19infectionsurveydatasets21122021154400.xlsx,regional,2021-12-05
2021-04-26,2021-05-02,North East,E12000001,0.604,0.574,0.635,/home/sebfunk/code/inc2prev/data/ab/20211223covid19infectionsurveydatasets21122021154400.xlsx,regional,2021-12-05
2021-05-03,2021-05-09,North East,E12000001,0.644,0.615,0.6729999999999999,/home/sebfunk/code/inc2prev/data/ab/20211223covid19infectionsurveydatasets21122021154400.xlsx,regional,2021-12-05
2021-05-10,2021-05-16,North East,E12000001,0.654,0.625,0.6829999999999999,/home/sebfunk/code/inc2prev/data/ab/20211223covid19infectionsurveydatasets21122021154400.xlsx,regional,2021-12-05
2021-05-17,2021-05-23,North East,E12000001,0.693,0.665,0.72,/home/sebfunk/code/inc2prev/data/ab/20211223covid19infectionsurveydatasets21122021154400.xlsx,regional,2021-12-05
2021-05-24,2021-05-30,North East,E12000001,0.728,0.701,0.752,/home/sebfunk/code/inc2prev/data/ab/20211223covid19infectionsurveydatasets21122021154400.xlsx,regional,2021-12-05
2021-05-31,2021-06-06,North East,E12000001,0.75,0.726,0.774,/home/sebfunk/code/inc2prev/data/ab/20211223covid19infectionsurveydatasets21122021154400.xlsx,regional,2021-12-05
2021-06-07,2021-06-13,North East,E12000001,0.785,0.763,0.807,/home/sebfunk/code/inc2prev/data/ab/20211223covid19infectionsurveydatasets21122021154400.xlsx,regional,2021-12-05
2021-06-14,2021-06-20,North East,E12000001,0.8240000000000001,0.804,0.843,/home/sebfunk/code/inc2prev/data/ab/20211223covid19infectionsurveydatasets21122021154400.xlsx,regional,2021-12-05
2021-06-21,2021-06-27,North East,E12000001,0.848,0.8290000000000001,0.866,/home/sebfunk/code/inc2prev/data/ab/20211223covid19infectionsurveydatasets21122021154400.xlsx,regional,2021-12-05
2021-06-28,2021-07-04,North East,E12000001,0.857,0.8390000000000001,0.8740000000000001,/home/sebfunk/code/inc2prev/data/ab/20211223covid19infectionsurveydatasets21122021154400.xlsx,regional,2021-12-05
2021-07-05,2021-07-11,North East,E12000001,0.885,0.868,0.9,/home/sebfunk/code/inc2prev/data/ab/20211223covid19infectionsurveydatasets21122021154400.xlsx,regional,2021-12-05
2021-07-12,2021-07-18,North East,E12000001,0.888,0.872,0.903,/home/sebfunk/code/inc2prev/data/ab/20211223covid19infectionsurveydatasets21122021154400.xlsx,regional,2021-12-05
2021-07-19,2021-07-25,North East,E12000001,0.897,0.8809999999999999,0.9109999999999999,/home/sebfunk/code/inc2prev/data/ab/20211223covid19infectionsurveydatasets21122021154400.xlsx,regional,2021-12-05
2021-07-26,2021-08-01,North East,E12000001,0.9009999999999999,0.8859999999999999,0.915,/home/sebfunk/code/inc2prev/data/ab/20211223covid19infectionsurveydatasets21122021154400.xlsx,regional,2021-12-05
2021-08-02,2021-08-08,North East,E12000001,0.8909999999999999,0.875,0.905,/home/sebfunk/code/inc2prev/data/ab/20211223covid19infectionsurveydatasets21122021154400.xlsx,regional,2021-12-05
2021-08-09,2021-08-15,North East,E12000001,0.904,0.889,0.917,/home/sebfunk/code/inc2prev/data/ab/20211223covid19infectionsurveydatasets21122021154400.xlsx,regional,2021-12-05
2021-08-16,2021-08-22,North East,E12000001,0.905,0.89,0.9179999999999999,/home/sebfunk/code/inc2prev/data/ab/20211223covid19infectionsurveydatasets21122021154400.xlsx,regional,2021-12-05
2021-08-23,2021-08-29,North East,E12000001,0.9059999999999999,0.8909999999999999,0.92,/home/sebfunk/code/inc2prev/data/ab/20211223covid19infectionsurveydatasets21122021154400.xlsx,regional,2021-12-05
2021-08-30,2021-09-05,North East,E12000001,0.905,0.89,0.9179999999999999,/home/sebfunk/code/inc2prev/data/ab/20211223covid19infectionsurveydatasets21122021154400.xlsx,regional,2021-12-05
2021-09-06,2021-09-12,North East,E12000001,0.922,0.909,0.9329999999999999,/home/sebfunk/code/inc2prev/data/ab/20211223covid19infectionsurveydatasets21122021154400.xlsx,regional,2021-12-05
2021-09-13,2021-09-19,North East,E12000001,0.919,0.9059999999999999,0.9309999999999999,/home/sebfunk/code/inc2prev/data/ab/20211223covid19infectionsurveydatasets21122021154400.xlsx,regional,2021-12-05
2021-09-20,2021-09-26,North East,E12000001,0.909,0.895,0.922,/home/sebfunk/code/inc2prev/data/ab/20211223covid19infectionsurveydatasets21122021154400.xlsx,regional,2021-12-05
2021-09-27,2021-10-03,North East,E12000001,0.8959999999999999,0.88,0.91,/home/sebfunk/code/inc2prev/data/ab/20211223covid19infectionsurveydatasets21122021154400.xlsx,regional,2021-12-05
2021-10-04,2021-10-10,North East,E12000001,0.902,0.887,0.9159999999999999,/home/sebfunk/code/inc2prev/data/ab/20211223covid19infectionsurveydatasets21122021154400.xlsx,regional,2021-12-05
2021-10-11,2021-10-17,North East,E12000001,0.92,0.907,0.9309999999999999,/home/sebfunk/code/inc2prev/data/ab/20211223covid19infectionsurveydatasets21122021154400.xlsx,regional,2021-12-05
2021-10-18,2021-10-24,North East,E12000001,0.917,0.903,0.929,/home/sebfunk/code/inc2prev/data/ab/20211223covid19infectionsurveydatasets21122021154400.xlsx,regional,2021-12-05
2021-10-25,2021-10-31,North East,E12000001,0.919,0.9059999999999999,0.9309999999999999,/home/sebfunk/code/inc2prev/data/ab/20211223covid19infectionsurveydatasets21122021154400.xlsx,regional,2021-12-05
2021-11-01,2021-11-07,North East,E12000001,0.9209999999999999,0.907,0.932,/home/sebfunk/code/inc2prev/data/ab/20211223covid19infectionsurveydatasets21122021154400.xlsx,regional,2021-12-05
2021-11-08,2021-11-14,North East,E12000001,0.929,0.9159999999999999,0.94,/home/sebfunk/code/inc2prev/data/ab/20211223covid19infectionsurveydatasets21122021154400.xlsx,regional,2021-12-05
2021-11-15,2021-11-21,North East,E12000001,0.9470000000000001,0.9359999999999999,0.956,/home/sebfunk/code/inc2prev/data/ab/20211223covid19infectionsurveydatasets21122021154400.xlsx,regional,2021-12-05
2021-11-22,2021-11-28,North East,E12000001,0.9470000000000001,0.9359999999999999,0.956,/home/sebfunk/code/inc2prev/data/ab/20211223covid19infectionsurveydatasets21122021154400.xlsx,regional,2021-12-05
2021-11-29,2021-12-05,North East,E12000001,0.951,0.94,0.961,/home/sebfunk/code/inc2prev/data/ab/20211223covid19infectionsurveydatasets21122021154400.xlsx,regional,2021-12-05
2020-12-07,2020-12-13,North West,E12000002,0.099,0.08199999999999999,0.11900000000000001,/home/sebfunk/code/inc2prev/data/ab/20211223covid19infectionsurveydatasets21122021154400.xlsx,regional,2021-12-05
2020-12-14,2020-12-20,North West,E12000002,0.10300000000000001,0.087,0.122,/home/sebfunk/code/inc2prev/data/ab/20211223covid19infectionsurveydatasets21122021154400.xlsx,regional,2021-12-05
2020-12-21,2020-12-27,North West,E12000002,0.10400000000000001,0.08800000000000001,0.12300000000000001,/home/sebfunk/code/inc2prev/data/ab/20211223covid19infectionsurveydatasets21122021154400.xlsx,regional,2021-12-05
2020-12-28,2021-01-03,North West,E12000002,0.106,0.091,0.124,/home/sebfunk/code/inc2prev/data/ab/20211223covid19infectionsurveydatasets21122021154400.xlsx,regional,2021-12-05
2021-01-04,2021-01-10,North West,E12000002,0.122,0.105,0.14,/home/sebfunk/code/inc2prev/data/ab/20211223covid19infectionsurveydatasets21122021154400.xlsx,regional,2021-12-05
2021-01-11,2021-01-17,North West,E12000002,0.126,0.109,0.145,/home/sebfunk/code/inc2prev/data/ab/20211223covid19infectionsurveydatasets21122021154400.xlsx,regional,2021-12-05
2021-01-18,2021-01-24,North West,E12000002,0.141,0.12300000000000001,0.161,/home/sebfunk/code/inc2prev/data/ab/20211223covid19infectionsurveydatasets21122021154400.xlsx,regional,2021-12-05
2021-01-25,2021-01-31,North West,E12000002,0.16,0.14,0.183,/home/sebfunk/code/inc2prev/data/ab/20211223covid19infectionsurveydatasets21122021154400.xlsx,regional,2021-12-05
2021-02-01,2021-02-07,North West,E12000002,0.184,0.162,0.20800000000000002,/home/sebfunk/code/inc2prev/data/ab/20211223covid19infectionsurveydatasets21122021154400.xlsx,regional,2021-12-05
2021-02-08,2021-02-14,North West,E12000002,0.21899999999999997,0.195,0.245,/home/sebfunk/code/inc2prev/data/ab/20211223covid19infectionsurveydatasets21122021154400.xlsx,regional,2021-12-05
2021-02-15,2021-02-21,North West,E12000002,0.259,0.23399999999999999,0.28800000000000003,/home/sebfunk/code/inc2prev/data/ab/20211223covid19infectionsurveydatasets21122021154400.xlsx,regional,2021-12-05
2021-02-22,2021-02-28,North West,E12000002,0.314,0.287,0.344,/home/sebfunk/code/inc2prev/data/ab/20211223covid19infectionsurveydatasets21122021154400.xlsx,regional,2021-12-05
2021-03-01,2021-03-07,North West,E12000002,0.363,0.335,0.39399999999999996,/home/sebfunk/code/inc2prev/data/ab/20211223covid19infectionsurveydatasets21122021154400.xlsx,regional,2021-12-05
2021-03-08,2021-03-14,North West,E12000002,0.408,0.377,0.441,/home/sebfunk/code/inc2prev/data/ab/20211223covid19infectionsurveydatasets21122021154400.xlsx,regional,2021-12-05
2021-03-15,2021-03-21,North West,E12000002,0.408,0.376,0.442,/home/sebfunk/code/inc2prev/data/ab/20211223covid19infectionsurveydatasets21122021154400.xlsx,regional,2021-12-05
2021-03-22,2021-03-28,North West,E12000002,0.419,0.387,0.452,/home/sebfunk/code/inc2prev/data/ab/20211223covid19infectionsurveydatasets21122021154400.xlsx,regional,2021-12-05
2021-03-29,2021-04-04,North West,E12000002,0.499,0.466,0.532,/home/sebfunk/code/inc2prev/data/ab/20211223covid19infectionsurveydatasets21122021154400.xlsx,regional,2021-12-05
2021-04-05,2021-04-11,North West,E12000002,0.563,0.531,0.595,/home/sebfunk/code/inc2prev/data/ab/20211223covid19infectionsurveydatasets21122021154400.xlsx,regional,2021-12-05
2021-04-12,2021-04-18,North West,E12000002,0.59,0.5589999999999999,0.621,/home/sebfunk/code/inc2prev/data/ab/20211223covid19infectionsurveydatasets21122021154400.xlsx,regional,2021-12-05
2021-04-19,2021-04-25,North West,E12000002,0.586,0.555,0.616,/home/sebfunk/code/inc2prev/data/ab/20211223covid19infectionsurveydatasets21122021154400.xlsx,regional,2021-12-05
2021-04-26,2021-05-02,North West,E12000002,0.637,0.609,0.665,/home/sebfunk/code/inc2prev/data/ab/20211223covid19infectionsurveydatasets21122021154400.xlsx,regional,2021-12-05
2021-05-03,2021-05-09,North West,E12000002,0.6709999999999999,0.644,0.698,/home/sebfunk/code/inc2prev/data/ab/20211223covid19infectionsurveydatasets21122021154400.xlsx,regional,2021-12-05
2021-05-10,2021-05-16,North West,E12000002,0.679,0.652,0.705,/home/sebfunk/code/inc2prev/data/ab/20211223covid19infectionsurveydatasets21122021154400.xlsx,regional,2021-12-05
2021-05-17,2021-05-23,North West,E12000002,0.716,0.69,0.741,/home/sebfunk/code/inc2prev/data/ab/20211223covid19infectionsurveydatasets21122021154400.xlsx,regional,2021-12-05
2021-05-24,2021-05-30,North West,E12000002,0.7490000000000001,0.7240000000000001,0.772,/home/sebfunk/code/inc2prev/data/ab/20211223covid19infectionsurveydatasets21122021154400.xlsx,regional,2021-12-05
2021-05-31,2021-06-06,North West,E12000002,0.77,0.747,0.792,/home/sebfunk/code/inc2prev/data/ab/20211223covid19infectionsurveydatasets21122021154400.xlsx,regional,2021-12-05
2021-06-07,2021-06-13,North West,E12000002,0.8029999999999999,0.7829999999999999,0.823,/home/sebfunk/code/inc2prev/data/ab/20211223covid19infectionsurveydatasets21122021154400.xlsx,regional,2021-12-05
2021-06-14,2021-06-20,North West,E12000002,0.841,0.823,0.858,/home/sebfunk/code/inc2prev/data/ab/20211223covid19infectionsurveydatasets21122021154400.xlsx,regional,2021-12-05
2021-06-21,2021-06-27,North West,E12000002,0.8640000000000001,0.847,0.879,/home/sebfunk/code/inc2prev/data/ab/20211223covid19infectionsurveydatasets21122021154400.xlsx,regional,2021-12-05
2021-06-28,2021-07-04,North West,E12000002,0.873,0.858,0.888,/home/sebfunk/code/inc2prev/data/ab/20211223covid19infectionsurveydatasets21122021154400.xlsx,regional,2021-12-05
2021-07-05,2021-07-11,North West,E12000002,0.899,0.885,0.9109999999999999,/home/sebfunk/code/inc2prev/data/ab/20211223covid19infectionsurveydatasets21122021154400.xlsx,regional,2021-12-05
2021-07-12,2021-07-18,North West,E12000002,0.902,0.888,0.915,/home/sebfunk/code/inc2prev/data/ab/20211223covid19infectionsurveydatasets21122021154400.xlsx,regional,2021-12-05
2021-07-19,2021-07-25,North West,E12000002,0.91,0.897,0.9209999999999999,/home/sebfunk/code/inc2prev/data/ab/20211223covid19infectionsurveydatasets21122021154400.xlsx,regional,2021-12-05
2021-07-26,2021-08-01,North West,E12000002,0.9129999999999999,0.9009999999999999,0.925,/home/sebfunk/code/inc2prev/data/ab/20211223covid19infectionsurveydatasets21122021154400.xlsx,regional,2021-12-05
2021-08-02,2021-08-08,North West,E12000002,0.903,0.89,0.9159999999999999,/home/sebfunk/code/inc2prev/data/ab/20211223covid19infectionsurveydatasets21122021154400.xlsx,regional,2021-12-05
2021-08-09,2021-08-15,North West,E12000002,0.914,0.902,0.925,/home/sebfunk/code/inc2prev/data/ab/20211223covid19infectionsurveydatasets21122021154400.xlsx,regional,2021-12-05
2021-08-16,2021-08-22,North West,E12000002,0.915,0.903,0.9259999999999999,/home/sebfunk/code/inc2prev/data/ab/20211223covid19infectionsurveydatasets21122021154400.xlsx,regional,2021-12-05
2021-08-23,2021-08-29,North West,E12000002,0.9159999999999999,0.904,0.9279999999999999,/home/sebfunk/code/inc2prev/data/ab/20211223covid19infectionsurveydatasets21122021154400.xlsx,regional,2021-12-05
2021-08-30,2021-09-05,North West,E12000002,0.915,0.902,0.9259999999999999,/home/sebfunk/code/inc2prev/data/ab/20211223covid19infectionsurveydatasets21122021154400.xlsx,regional,2021-12-05
2021-09-06,2021-09-12,North West,E12000002,0.93,0.919,0.9390000000000001,/home/sebfunk/code/inc2prev/data/ab/20211223covid19infectionsurveydatasets21122021154400.xlsx,regional,2021-12-05
2021-09-13,2021-09-19,North West,E12000002,0.927,0.9159999999999999,0.937,/home/sebfunk/code/inc2prev/data/ab/20211223covid19infectionsurveydatasets21122021154400.xlsx,regional,2021-12-05
2021-09-20,2021-09-26,North West,E12000002,0.9179999999999999,0.9059999999999999,0.929,/home/sebfunk/code/inc2prev/data/ab/20211223covid19infectionsurveydatasets21122021154400.xlsx,regional,2021-12-05
2021-09-27,2021-10-03,North West,E12000002,0.905,0.892,0.917,/home/sebfunk/code/inc2prev/data/ab/20211223covid19infectionsurveydatasets21122021154400.xlsx,regional,2021-12-05
2021-10-04,2021-10-10,North West,E12000002,0.9109999999999999,0.898,0.9229999999999999,/home/sebfunk/code/inc2prev/data/ab/20211223covid19infectionsurveydatasets21122021154400.xlsx,regional,2021-12-05
2021-10-11,2021-10-17,North West,E12000002,0.9259999999999999,0.915,0.9359999999999999,/home/sebfunk/code/inc2prev/data/ab/20211223covid19infectionsurveydatasets21122021154400.xlsx,regional,2021-12-05
2021-10-18,2021-10-24,North West,E12000002,0.9229999999999999,0.9109999999999999,0.9329999999999999,/home/sebfunk/code/inc2prev/data/ab/20211223covid19infectionsurveydatasets21122021154400.xlsx,regional,2021-12-05
2021-10-25,2021-10-31,North West,E12000002,0.924,0.9129999999999999,0.935,/home/sebfunk/code/inc2prev/data/ab/20211223covid19infectionsurveydatasets21122021154400.xlsx,regional,2021-12-05
2021-11-01,2021-11-07,North West,E12000002,0.925,0.914,0.935,/home/sebfunk/code/inc2prev/data/ab/20211223covid19infectionsurveydatasets21122021154400.xlsx,regional,2021-12-05
2021-11-08,2021-11-14,North West,E12000002,0.932,0.9209999999999999,0.9420000000000001,/home/sebfunk/code/inc2prev/data/ab/20211223covid19infectionsurveydatasets21122021154400.xlsx,regional,2021-12-05
2021-11-15,2021-11-21,North West,E12000002,0.948,0.9390000000000001,0.956,/home/sebfunk/code/inc2prev/data/ab/20211223covid19infectionsurveydatasets21122021154400.xlsx,regional,2021-12-05
2021-11-22,2021-11-28,North West,E12000002,0.9470000000000001,0.938,0.955,/home/sebfunk/code/inc2prev/data/ab/20211223covid19infectionsurveydatasets21122021154400.xlsx,regional,2021-12-05
2021-11-29,2021-12-05,North West,E12000002,0.95,0.941,0.9590000000000001,/home/sebfunk/code/inc2prev/data/ab/20211223covid19infectionsurveydatasets21122021154400.xlsx,regional,2021-12-05
2020-12-07,2020-12-13,South East,E12000008,0.051,0.040999999999999995,0.063,/home/sebfunk/code/inc2prev/data/ab/20211223covid19infectionsurveydatasets21122021154400.xlsx,regional,2021-12-05
2020-12-14,2020-12-20,South East,E12000008,0.055,0.045,0.067,/home/sebfunk/code/inc2prev/data/ab/20211223covid19infectionsurveydatasets21122021154400.xlsx,regional,2021-12-05
2020-12-21,2020-12-27,South East,E12000008,0.057999999999999996,0.048,0.07,/home/sebfunk/code/inc2prev/data/ab/20211223covid19infectionsurveydatasets21122021154400.xlsx,regional,2021-12-05
2020-12-28,2021-01-03,South East,E12000008,0.062,0.052000000000000005,0.073,/home/sebfunk/code/inc2prev/data/ab/20211223covid19infectionsurveydatasets21122021154400.xlsx,regional,2021-12-05
2021-01-04,2021-01-10,South East,E12000008,0.07400000000000001,0.063,0.087,/home/sebfunk/code/inc2prev/data/ab/20211223covid19infectionsurveydatasets21122021154400.xlsx,regional,2021-12-05
2021-01-11,2021-01-17,South East,E12000008,0.08,0.068,0.09300000000000001,/home/sebfunk/code/inc2prev/data/ab/20211223covid19infectionsurveydatasets21122021154400.xlsx,regional,2021-12-05
2021-01-18,2021-01-24,South East,E12000008,0.092,0.08,0.107,/home/sebfunk/code/inc2prev/data/ab/20211223covid19infectionsurveydatasets21122021154400.xlsx,regional,2021-12-05
2021-01-25,2021-01-31,South East,E12000008,0.109,0.094,0.125,/home/sebfunk/code/inc2prev/data/ab/20211223covid19infectionsurveydatasets21122021154400.xlsx,regional,2021-12-05
2021-02-01,2021-02-07,South East,E12000008,0.13,0.113,0.14800000000000002,/home/sebfunk/code/inc2prev/data/ab/20211223covid19infectionsurveydatasets21122021154400.xlsx,regional,2021-12-05
2021-02-08,2021-02-14,South East,E12000008,0.159,0.141,0.18,/home/sebfunk/code/inc2prev/data/ab/20211223covid19infectionsurveydatasets21122021154400.xlsx,regional,2021-12-05
2021-02-15,2021-02-21,South East,E12000008,0.19699999999999998,0.17600000000000002,0.22,/home/sebfunk/code/inc2prev/data/ab/20211223covid19infectionsurveydatasets21122021154400.xlsx,regional,2021-12-05
2021-02-22,2021-02-28,South East,E12000008,0.252,0.228,0.278,/home/sebfunk/code/inc2prev/data/ab/20211223covid19infectionsurveydatasets21122021154400.xlsx,regional,2021-12-05
2021-03-01,2021-03-07,South East,E12000008,0.304,0.27899999999999997,0.331,/home/sebfunk/code/inc2prev/data/ab/20211223covid19infectionsurveydatasets21122021154400.xlsx,regional,2021-12-05
2021-03-08,2021-03-14,South East,E12000008,0.35,0.32299999999999995,0.379,/home/sebfunk/code/inc2prev/data/ab/20211223covid19infectionsurveydatasets21122021154400.xlsx,regional,2021-12-05
2021-03-15,2021-03-21,South East,E12000008,0.35600000000000004,0.326,0.387,/home/sebfunk/code/inc2prev/data/ab/20211223covid19infectionsurveydatasets21122021154400.xlsx,regional,2021-12-05
2021-03-22,2021-03-28,South East,E12000008,0.371,0.342,0.40299999999999997,/home/sebfunk/code/inc2prev/data/ab/20211223covid19infectionsurveydatasets21122021154400.xlsx,regional,2021-12-05
2021-03-29,2021-04-04,South East,E12000008,0.456,0.425,0.489,/home/sebfunk/code/inc2prev/data/ab/20211223covid19infectionsurveydatasets21122021154400.xlsx,regional,2021-12-05
2021-04-05,2021-04-11,South East,E12000008,0.525,0.495,0.557,/home/sebfunk/code/inc2prev/data/ab/20211223covid19infectionsurveydatasets21122021154400.xlsx,regional,2021-12-05
2021-04-12,2021-04-18,South East,E12000008,0.555,0.525,0.585,/home/sebfunk/code/inc2prev/data/ab/20211223covid19infectionsurveydatasets21122021154400.xlsx,regional,2021-12-05
2021-04-19,2021-04-25,South East,E12000008,0.552,0.523,0.581,/home/sebfunk/code/inc2prev/data/ab/20211223covid19infectionsurveydatasets21122021154400.xlsx,regional,2021-12-05
2021-04-26,2021-05-02,South East,E12000008,0.605,0.5770000000000001,0.633,/home/sebfunk/code/inc2prev/data/ab/20211223covid19infectionsurveydatasets21122021154400.xlsx,regional,2021-12-05
2021-05-03,2021-05-09,South East,E12000008,0.639,0.613,0.6659999999999999,/home/sebfunk/code/inc2prev/data/ab/20211223covid19infectionsurveydatasets21122021154400.xlsx,regional,2021-12-05
2021-05-10,2021-05-16,South East,E12000008,0.647,0.621,0.674,/home/sebfunk/code/inc2prev/data/ab/20211223covid19infectionsurveydatasets21122021154400.xlsx,regional,2021-12-05
2021-05-17,2021-05-23,South East,E12000008,0.6859999999999999,0.66,0.711,/home/sebfunk/code/inc2prev/data/ab/20211223covid19infectionsurveydatasets21122021154400.xlsx,regional,2021-12-05
2021-05-24,2021-05-30,South East,E12000008,0.722,0.698,0.746,/home/sebfunk/code/inc2prev/data/ab/20211223covid19infectionsurveydatasets21122021154400.xlsx,regional,2021-12-05
2021-05-31,2021-06-06,South East,E12000008,0.7490000000000001,0.727,0.7709999999999999,/home/sebfunk/code/inc2prev/data/ab/20211223covid19infectionsurveydatasets21122021154400.xlsx,regional,2021-12-05
2021-06-07,2021-06-13,South East,E12000008,0.7879999999999999,0.768,0.807,/home/sebfunk/code/inc2prev/data/ab/20211223covid19infectionsurveydatasets21122021154400.xlsx,regional,2021-12-05
2021-06-14,2021-06-20,South East,E12000008,0.8290000000000001,0.8109999999999999,0.845,/home/sebfunk/code/inc2prev/data/ab/20211223covid19infectionsurveydatasets21122021154400.xlsx,regional,2021-12-05
2021-06-21,2021-06-27,South East,E12000008,0.855,0.8390000000000001,0.87,/home/sebfunk/code/inc2prev/data/ab/20211223covid19infectionsurveydatasets21122021154400.xlsx,regional,2021-12-05
2021-06-28,2021-07-04,South East,E12000008,0.868,0.853,0.882,/home/sebfunk/code/inc2prev/data/ab/20211223covid19infectionsurveydatasets21122021154400.xlsx,regional,2021-12-05
2021-07-05,2021-07-11,South East,E12000008,0.895,0.882,0.9079999999999999,/home/sebfunk/code/inc2prev/data/ab/20211223covid19infectionsurveydatasets21122021154400.xlsx,regional,2021-12-05
2021-07-12,2021-07-18,South East,E12000008,0.9009999999999999,0.888,0.914,/home/sebfunk/code/inc2prev/data/ab/20211223covid19infectionsurveydatasets21122021154400.xlsx,regional,2021-12-05
2021-07-19,2021-07-25,South East,E12000008,0.9109999999999999,0.898,0.9229999999999999,/home/sebfunk/code/inc2prev/data/ab/20211223covid19infectionsurveydatasets21122021154400.xlsx,regional,2021-12-05
2021-07-26,2021-08-01,South East,E12000008,0.9159999999999999,0.904,0.927,/home/sebfunk/code/inc2prev/data/ab/20211223covid19infectionsurveydatasets21122021154400.xlsx,regional,2021-12-05
2021-08-02,2021-08-08,South East,E12000008,0.907,0.894,0.919,/home/sebfunk/code/inc2prev/data/ab/20211223covid19infectionsurveydatasets21122021154400.xlsx,regional,2021-12-05
2021-08-09,2021-08-15,South East,E12000008,0.9179999999999999,0.905,0.9279999999999999,/home/sebfunk/code/inc2prev/data/ab/20211223covid19infectionsurveydatasets21122021154400.xlsx,regional,2021-12-05
2021-08-16,2021-08-22,South East,E12000008,0.9179999999999999,0.907,0.929,/home/sebfunk/code/inc2prev/data/ab/20211223covid19infectionsurveydatasets21122021154400.xlsx,regional,2021-12-05
2021-08-23,2021-08-29,South East,E12000008,0.92,0.9079999999999999,0.93,/home/sebfunk/code/inc2prev/data/ab/20211223covid19infectionsurveydatasets21122021154400.xlsx,regional,2021-12-05
2021-08-30,2021-09-05,South East,E12000008,0.9179999999999999,0.9059999999999999,0.929,/home/sebfunk/code/inc2prev/data/ab/20211223covid19infectionsurveydatasets21122021154400.xlsx,regional,2021-12-05
2021-09-06,2021-09-12,South East,E12000008,0.9329999999999999,0.922,0.9420000000000001,/home/sebfunk/code/inc2prev/data/ab/20211223covid19infectionsurveydatasets21122021154400.xlsx,regional,2021-12-05
2021-09-13,2021-09-19,South East,E12000008,0.929,0.919,0.9390000000000001,/home/sebfunk/code/inc2prev/data/ab/20211223covid19infectionsurveydatasets21122021154400.xlsx,regional,2021-12-05
2021-09-20,2021-09-26,South East,E12000008,0.92,0.9079999999999999,0.9309999999999999,/home/sebfunk/code/inc2prev/data/ab/20211223covid19infectionsurveydatasets21122021154400.xlsx,regional,2021-12-05
2021-09-27,2021-10-03,South East,E12000008,0.907,0.893,0.919,/home/sebfunk/code/inc2prev/data/ab/20211223covid19infectionsurveydatasets21122021154400.xlsx,regional,2021-12-05
2021-10-04,2021-10-10,South East,E12000008,0.9109999999999999,0.898,0.9229999999999999,/home/sebfunk/code/inc2prev/data/ab/20211223covid19infectionsurveydatasets21122021154400.xlsx,regional,2021-12-05
2021-10-11,2021-10-17,South East,E12000008,0.9259999999999999,0.915,0.935,/home/sebfunk/code/inc2prev/data/ab/20211223covid19infectionsurveydatasets21122021154400.xlsx,regional,2021-12-05
2021-10-18,2021-10-24,South East,E12000008,0.9209999999999999,0.909,0.9309999999999999,/home/sebfunk/code/inc2prev/data/ab/20211223covid19infectionsurveydatasets21122021154400.xlsx,regional,2021-12-05
2021-10-25,2021-10-31,South East,E12000008,0.9209999999999999,0.91,0.932,/home/sebfunk/code/inc2prev/data/ab/20211223covid19infectionsurveydatasets21122021154400.xlsx,regional,2021-12-05
2021-11-01,2021-11-07,South East,E12000008,0.9209999999999999,0.909,0.932,/home/sebfunk/code/inc2prev/data/ab/20211223covid19infectionsurveydatasets21122021154400.xlsx,regional,2021-12-05
2021-11-08,2021-11-14,South East,E12000008,0.9279999999999999,0.9159999999999999,0.937,/home/sebfunk/code/inc2prev/data/ab/20211223covid19infectionsurveydatasets21122021154400.xlsx,regional,2021-12-05
2021-11-15,2021-11-21,South East,E12000008,0.9440000000000001,0.935,0.9520000000000001,/home/sebfunk/code/inc2prev/data/ab/20211223covid19infectionsurveydatasets21122021154400.xlsx,regional,2021-12-05
2021-11-22,2021-11-28,South East,E12000008,0.943,0.9329999999999999,0.951,/home/sebfunk/code/inc2prev/data/ab/20211223covid19infectionsurveydatasets21122021154400.xlsx,regional,2021-12-05
2021-11-29,2021-12-05,South East,E12000008,0.945,0.935,0.9540000000000001,/home/sebfunk/code/inc2prev/data/ab/20211223covid19infectionsurveydatasets21122021154400.xlsx,regional,2021-12-05
2020-12-07,2020-12-13,South West,E12000009,0.036000000000000004,0.028999999999999998,0.047,/home/sebfunk/code/inc2prev/data/ab/20211223covid19infectionsurveydatasets21122021154400.xlsx,regional,2021-12-05
2020-12-14,2020-12-20,South West,E12000009,0.04,0.033,0.05,/home/sebfunk/code/inc2prev/data/ab/20211223covid19infectionsurveydatasets21122021154400.xlsx,regional,2021-12-05
2020-12-21,2020-12-27,South West,E12000009,0.044000000000000004,0.035,0.054000000000000006,/home/sebfunk/code/inc2prev/data/ab/20211223covid19infectionsurveydatasets21122021154400.xlsx,regional,2021-12-05
2020-12-28,2021-01-03,South West,E12000009,0.048,0.039,0.057999999999999996,/home/sebfunk/code/inc2prev/data/ab/20211223covid19infectionsurveydatasets21122021154400.xlsx,regional,2021-12-05
2021-01-04,2021-01-10,South West,E12000009,0.059000000000000004,0.05,0.07,/home/sebfunk/code/inc2prev/data/ab/20211223covid19infectionsurveydatasets21122021154400.xlsx,regional,2021-12-05
2021-01-11,2021-01-17,South West,E12000009,0.066,0.055,0.077,/home/sebfunk/code/inc2prev/data/ab/20211223covid19infectionsurveydatasets21122021154400.xlsx,regional,2021-12-05
2021-01-18,2021-01-24,South West,E12000009,0.078,0.067,0.092,/home/sebfunk/code/inc2prev/data/ab/20211223covid19infectionsurveydatasets21122021154400.xlsx,regional,2021-12-05
2021-01-25,2021-01-31,South West,E12000009,0.095,0.081,0.111,/home/sebfunk/code/inc2prev/data/ab/20211223covid19infectionsurveydatasets21122021154400.xlsx,regional,2021-12-05
2021-02-01,2021-02-07,South West,E12000009,0.11699999999999999,0.10099999999999999,0.135,/home/sebfunk/code/inc2prev/data/ab/20211223covid19infectionsurveydatasets21122021154400.xlsx,regional,2021-12-05
2021-02-08,2021-02-14,South West,E12000009,0.15,0.131,0.16899999999999998,/home/sebfunk/code/inc2prev/data/ab/20211223covid19infectionsurveydatasets21122021154400.xlsx,regional,2021-12-05
2021-02-15,2021-02-21,South West,E12000009,0.191,0.17,0.214,/home/sebfunk/code/inc2prev/data/ab/20211223covid19infectionsurveydatasets21122021154400.xlsx,regional,2021-12-05
2021-02-22,2021-02-28,South West,E12000009,0.25,0.226,0.27699999999999997,/home/sebfunk/code/inc2prev/data/ab/20211223covid19infectionsurveydatasets21122021154400.xlsx,regional,2021-12-05
2021-03-01,2021-03-07,South West,E12000009,0.306,0.28,0.33299999999999996,/home/sebfunk/code/inc2prev/data/ab/20211223covid19infectionsurveydatasets21122021154400.xlsx,regional,2021-12-05
2021-03-08,2021-03-14,South West,E12000009,0.35200000000000004,0.324,0.382,/home/sebfunk/code/inc2prev/data/ab/20211223covid19infectionsurveydatasets21122021154400.xlsx,regional,2021-12-05
2021-03-15,2021-03-21,South West,E12000009,0.35600000000000004,0.325,0.387,/home/sebfunk/code/inc2prev/data/ab/20211223covid19infectionsurveydatasets21122021154400.xlsx,regional,2021-12-05
2021-03-22,2021-03-28,South West,E12000009,0.369,0.33799999999999997,0.4,/home/sebfunk/code/inc2prev/data/ab/20211223covid19infectionsurveydatasets21122021154400.xlsx,regional,2021-12-05
2021-03-29,2021-04-04,South West,E12000009,0.45,0.419,0.484,/home/sebfunk/code/inc2prev/data/ab/20211223covid19infectionsurveydatasets21122021154400.xlsx,regional,2021-12-05
2021-04-05,2021-04-11,South West,E12000009,0.515,0.484,0.5479999999999999,/home/sebfunk/code/inc2prev/data/ab/20211223covid19infectionsurveydatasets21122021154400.xlsx,regional,2021-12-05
2021-04-12,2021-04-18,South West,E12000009,0.544,0.513,0.575,/home/sebfunk/code/inc2prev/data/ab/20211223covid19infectionsurveydatasets21122021154400.xlsx,regional,2021-12-05
2021-04-19,2021-04-25,South West,E12000009,0.54,0.51,0.57,/home/sebfunk/code/inc2prev/data/ab/20211223covid19infectionsurveydatasets21122021154400.xlsx,regional,2021-12-05
2021-04-26,2021-05-02,South West,E12000009,0.594,0.5660000000000001,0.622,/home/sebfunk/code/inc2prev/data/ab/20211223covid19infectionsurveydatasets21122021154400.xlsx,regional,2021-12-05
2021-05-03,2021-05-09,South West,E12000009,0.629,0.602,0.655,/home/sebfunk/code/inc2prev/data/ab/20211223covid19infectionsurveydatasets21122021154400.xlsx,regional,2021-12-05
2021-05-10,2021-05-16,South West,E12000009,0.635,0.608,0.662,/home/sebfunk/code/inc2prev/data/ab/20211223covid19infectionsurveydatasets21122021154400.xlsx,regional,2021-12-05
2021-05-17,2021-05-23,South West,E12000009,0.672,0.645,0.698,/home/sebfunk/code/inc2prev/data/ab/20211223covid19infectionsurveydatasets21122021154400.xlsx,regional,2021-12-05
2021-05-24,2021-05-30,South West,E12000009,0.7070000000000001,0.682,0.733,/home/sebfunk/code/inc2prev/data/ab/20211223covid19infectionsurveydatasets21122021154400.xlsx,regional,2021-12-05
2021-05-31,2021-06-06,South West,E12000009,0.7340000000000001,0.71,0.757,/home/sebfunk/code/inc2prev/data/ab/20211223covid19infectionsurveydatasets21122021154400.xlsx,regional,2021-12-05
2021-06-07,2021-06-13,South West,E12000009,0.774,0.753,0.795,/home/sebfunk/code/inc2prev/data/ab/20211223covid19infectionsurveydatasets21122021154400.xlsx,regional,2021-12-05
2021-06-14,2021-06-20,South West,E12000009,0.8170000000000001,0.7979999999999999,0.836,/home/sebfunk/code/inc2prev/data/ab/20211223covid19infectionsurveydatasets21122021154400.xlsx,regional,2021-12-05
2021-06-21,2021-06-27,South West,E12000009,0.846,0.828,0.862,/home/sebfunk/code/inc2prev/data/ab/20211223covid19infectionsurveydatasets21122021154400.xlsx,regional,2021-12-05
2021-06-28,2021-07-04,South West,E12000009,0.86,0.843,0.8759999999999999,/home/sebfunk/code/inc2prev/data/ab/20211223covid19infectionsurveydatasets21122021154400.xlsx,regional,2021-12-05
2021-07-05,2021-07-11,South West,E12000009,0.89,0.875,0.904,/home/sebfunk/code/inc2prev/data/ab/20211223covid19infectionsurveydatasets21122021154400.xlsx,regional,2021-12-05
2021-07-12,2021-07-18,South West,E12000009,0.897,0.883,0.9109999999999999,/home/sebfunk/code/inc2prev/data/ab/20211223covid19infectionsurveydatasets21122021154400.xlsx,regional,2021-12-05
2021-07-19,2021-07-25,South West,E12000009,0.9079999999999999,0.895,0.9209999999999999,/home/sebfunk/code/inc2prev/data/ab/20211223covid19infectionsurveydatasets21122021154400.xlsx,regional,2021-12-05
2021-07-26,2021-08-01,South West,E12000009,0.914,0.902,0.9259999999999999,/home/sebfunk/code/inc2prev/data/ab/20211223covid19infectionsurveydatasets21122021154400.xlsx,regional,2021-12-05
2021-08-02,2021-08-08,South West,E12000009,0.907,0.893,0.919,/home/sebfunk/code/inc2prev/data/ab/20211223covid19infectionsurveydatasets21122021154400.xlsx,regional,2021-12-05
2021-08-09,2021-08-15,South West,E12000009,0.919,0.9059999999999999,0.93,/home/sebfunk/code/inc2prev/data/ab/20211223covid19infectionsurveydatasets21122021154400.xlsx,regional,2021-12-05
2021-08-16,2021-08-22,South West,E12000009,0.92,0.9079999999999999,0.9309999999999999,/home/sebfunk/code/inc2prev/data/ab/20211223covid19infectionsurveydatasets21122021154400.xlsx,regional,2021-12-05
2021-08-23,2021-08-29,South West,E12000009,0.922,0.91,0.9329999999999999,/home/sebfunk/code/inc2prev/data/ab/20211223covid19infectionsurveydatasets21122021154400.xlsx,regional,2021-12-05
2021-08-30,2021-09-05,South West,E12000009,0.9209999999999999,0.9079999999999999,0.932,/home/sebfunk/code/inc2prev/data/ab/20211223covid19infectionsurveydatasets21122021154400.xlsx,regional,2021-12-05
2021-09-06,2021-09-12,South West,E12000009,0.935,0.924,0.9440000000000001,/home/sebfunk/code/inc2prev/data/ab/20211223covid19infectionsurveydatasets21122021154400.xlsx,regional,2021-12-05
2021-09-13,2021-09-19,South West,E12000009,0.932,0.9209999999999999,0.941,/home/sebfunk/code/inc2prev/data/ab/20211223covid19infectionsurveydatasets21122021154400.xlsx,regional,2021-12-05
2021-09-20,2021-09-26,South West,E12000009,0.922,0.91,0.9329999999999999,/home/sebfunk/code/inc2prev/data/ab/20211223covid19infectionsurveydatasets21122021154400.xlsx,regional,2021-12-05
2021-09-27,2021-10-03,South West,E12000009,0.9079999999999999,0.894,0.92,/home/sebfunk/code/inc2prev/data/ab/20211223covid19infectionsurveydatasets21122021154400.xlsx,regional,2021-12-05
2021-10-04,2021-10-10,South West,E12000009,0.912,0.898,0.924,/home/sebfunk/code/inc2prev/data/ab/20211223covid19infectionsurveydatasets21122021154400.xlsx,regional,2021-12-05
2021-10-11,2021-10-17,South West,E12000009,0.9259999999999999,0.914,0.9359999999999999,/home/sebfunk/code/inc2prev/data/ab/20211223covid19infectionsurveydatasets21122021154400.xlsx,regional,2021-12-05
2021-10-18,2021-10-24,South West,E12000009,0.9209999999999999,0.9079999999999999,0.932,/home/sebfunk/code/inc2prev/data/ab/20211223covid19infectionsurveydatasets21122021154400.xlsx,regional,2021-12-05
2021-10-25,2021-10-31,South West,E12000009,0.9209999999999999,0.909,0.932,/home/sebfunk/code/inc2prev/data/ab/20211223covid19infectionsurveydatasets21122021154400.xlsx,regional,2021-12-05
2021-11-01,2021-11-07,South West,E12000009,0.9209999999999999,0.909,0.932,/home/sebfunk/code/inc2prev/data/ab/20211223covid19infectionsurveydatasets21122021154400.xlsx,regional,2021-12-05
2021-11-08,2021-11-14,South West,E12000009,0.9279999999999999,0.9159999999999999,0.938,/home/sebfunk/code/inc2prev/data/ab/20211223covid19infectionsurveydatasets21122021154400.xlsx,regional,2021-12-05
2021-11-15,2021-11-21,South West,E12000009,0.9440000000000001,0.934,0.953,/home/sebfunk/code/inc2prev/data/ab/20211223covid19infectionsurveydatasets21122021154400.xlsx,regional,2021-12-05
2021-11-22,2021-11-28,South West,E12000009,0.943,0.9329999999999999,0.9520000000000001,/home/sebfunk/code/inc2prev/data/ab/20211223covid19infectionsurveydatasets21122021154400.xlsx,regional,2021-12-05
2021-11-29,2021-12-05,South West,E12000009,0.946,0.935,0.955,/home/sebfunk/code/inc2prev/data/ab/20211223covid19infectionsurveydatasets21122021154400.xlsx,regional,2021-12-05
2020-12-07,2020-12-13,West Midlands,E12000005,0.08900000000000001,0.073,0.109,/home/sebfunk/code/inc2prev/data/ab/20211223covid19infectionsurveydatasets21122021154400.xlsx,regional,2021-12-05
2020-12-14,2020-12-20,West Midlands,E12000005,0.095,0.079,0.113,/home/sebfunk/code/inc2prev/data/ab/20211223covid19infectionsurveydatasets21122021154400.xlsx,regional,2021-12-05
2020-12-21,2020-12-27,West Midlands,E12000005,0.09699999999999999,0.081,0.11599999999999999,/home/sebfunk/code/inc2prev/data/ab/20211223covid19infectionsurveydatasets21122021154400.xlsx,regional,2021-12-05
2020-12-28,2021-01-03,West Midlands,E12000005,0.10099999999999999,0.085,0.11900000000000001,/home/sebfunk/code/inc2prev/data/ab/20211223covid19infectionsurveydatasets21122021154400.xlsx,regional,2021-12-05
2021-01-04,2021-01-10,West Midlands,E12000005,0.11699999999999999,0.10099999999999999,0.135,/home/sebfunk/code/inc2prev/data/ab/20211223covid19infectionsurveydatasets21122021154400.xlsx,regional,2021-12-05
2021-01-11,2021-01-17,West Midlands,E12000005,0.122,0.106,0.141,/home/sebfunk/code/inc2prev/data/ab/20211223covid19infectionsurveydatasets21122021154400.xlsx,regional,2021-12-05
2021-01-18,2021-01-24,West Midlands,E12000005,0.138,0.12,0.158,/home/sebfunk/code/inc2prev/data/ab/20211223covid19infectionsurveydatasets21122021154400.xlsx,regional,2021-12-05
2021-01-25,2021-01-31,West Midlands,E12000005,0.157,0.13699999999999998,0.179,/home/sebfunk/code/inc2prev/data/ab/20211223covid19infectionsurveydatasets21122021154400.xlsx,regional,2021-12-05
2021-02-01,2021-02-07,West Midlands,E12000005,0.18100000000000002,0.159,0.204,/home/sebfunk/code/inc2prev/data/ab/20211223covid19infectionsurveydatasets21122021154400.xlsx,regional,2021-12-05
2021-02-08,2021-02-14,West Midlands,E12000005,0.215,0.192,0.24,/home/sebfunk/code/inc2prev/data/ab/20211223covid19infectionsurveydatasets21122021154400.xlsx,regional,2021-12-05
2021-02-15,2021-02-21,West Midlands,E12000005,0.255,0.231,0.28300000000000003,/home/sebfunk/code/inc2prev/data/ab/20211223covid19infectionsurveydatasets21122021154400.xlsx,regional,2021-12-05
2021-02-22,2021-02-28,West Midlands,E12000005,0.311,0.284,0.34,/home/sebfunk/code/inc2prev/data/ab/20211223covid19infectionsurveydatasets21122021154400.xlsx,regional,2021-12-05
2021-03-01,2021-03-07,West Midlands,E12000005,0.36200000000000004,0.335,0.392,/home/sebfunk/code/inc2prev/data/ab/20211223covid19infectionsurveydatasets21122021154400.xlsx,regional,2021-12-05
2021-03-08,2021-03-14,West Midlands,E12000005,0.409,0.379,0.441,/home/sebfunk/code/inc2prev/data/ab/20211223covid19infectionsurveydatasets21122021154400.xlsx,regional,2021-12-05
2021-03-15,2021-03-21,West Midlands,E12000005,0.413,0.382,0.446,/home/sebfunk/code/inc2prev/data/ab/20211223covid19infectionsurveydatasets21122021154400.xlsx,regional,2021-12-05
2021-03-22,2021-03-28,West Midlands,E12000005,0.425,0.39399999999999996,0.457,/home/sebfunk/code/inc2prev/data/ab/20211223covid19infectionsurveydatasets21122021154400.xlsx,regional,2021-12-05
2021-03-29,2021-04-04,West Midlands,E12000005,0.504,0.47200000000000003,0.536,/home/sebfunk/code/inc2prev/data/ab/20211223covid19infectionsurveydatasets21122021154400.xlsx,regional,2021-12-05
2021-04-05,2021-04-11,West Midlands,E12000005,0.565,0.535,0.598,/home/sebfunk/code/inc2prev/data/ab/20211223covid19infectionsurveydatasets21122021154400.xlsx,regional,2021-12-05
2021-04-12,2021-04-18,West Midlands,E12000005,0.589,0.5589999999999999,0.619,/home/sebfunk/code/inc2prev/data/ab/20211223covid19infectionsurveydatasets21122021154400.xlsx,regional,2021-12-05
2021-04-19,2021-04-25,West Midlands,E12000005,0.581,0.552,0.611,/home/sebfunk/code/inc2prev/data/ab/20211223covid19infectionsurveydatasets21122021154400.xlsx,regional,2021-12-05
2021-04-26,2021-05-02,West Midlands,E12000005,0.627,0.6,0.6559999999999999,/home/sebfunk/code/inc2prev/data/ab/20211223covid19infectionsurveydatasets21122021154400.xlsx,regional,2021-12-05
2021-05-03,2021-05-09,West Midlands,E12000005,0.657,0.631,0.684,/home/sebfunk/code/inc2prev/data/ab/20211223covid19infectionsurveydatasets21122021154400.xlsx,regional,2021-12-05
2021-05-10,2021-05-16,West Midlands,E12000005,0.662,0.635,0.6890000000000001,/home/sebfunk/code/inc2prev/data/ab/20211223covid19infectionsurveydatasets21122021154400.xlsx,regional,2021-12-05
2021-05-17,2021-05-23,West Midlands,E12000005,0.696,0.67,0.721,/home/sebfunk/code/inc2prev/data/ab/20211223covid19infectionsurveydatasets21122021154400.xlsx,regional,2021-12-05
2021-05-24,2021-05-30,West Midlands,E12000005,0.727,0.703,0.75,/home/sebfunk/code/inc2prev/data/ab/20211223covid19infectionsurveydatasets21122021154400.xlsx,regional,2021-12-05
2021-05-31,2021-06-06,West Midlands,E12000005,0.748,0.725,0.77,/home/sebfunk/code/inc2prev/data/ab/20211223covid19infectionsurveydatasets21122021154400.xlsx,regional,2021-12-05
2021-06-07,2021-06-13,West Midlands,E12000005,0.7829999999999999,0.762,0.8029999999999999,/home/sebfunk/code/inc2prev/data/ab/20211223covid19infectionsurveydatasets21122021154400.xlsx,regional,2021-12-05
2021-06-14,2021-06-20,West Midlands,E12000005,0.823,0.804,0.841,/home/sebfunk/code/inc2prev/data/ab/20211223covid19infectionsurveydatasets21122021154400.xlsx,regional,2021-12-05
2021-06-21,2021-06-27,West Midlands,E12000005,0.8490000000000001,0.8320000000000001,0.865,/home/sebfunk/code/inc2prev/data/ab/20211223covid19infectionsurveydatasets21122021154400.xlsx,regional,2021-12-05
2021-06-28,2021-07-04,West Midlands,E12000005,0.862,0.846,0.878,/home/sebfunk/code/inc2prev/data/ab/20211223covid19infectionsurveydatasets21122021154400.xlsx,regional,2021-12-05
2021-07-05,2021-07-11,West Midlands,E12000005,0.8909999999999999,0.877,0.904,/home/sebfunk/code/inc2prev/data/ab/20211223covid19infectionsurveydatasets21122021154400.xlsx,regional,2021-12-05
2021-07-12,2021-07-18,West Midlands,E12000005,0.897,0.883,0.91,/home/sebfunk/code/inc2prev/data/ab/20211223covid19infectionsurveydatasets21122021154400.xlsx,regional,2021-12-05
2021-07-19,2021-07-25,West Midlands,E12000005,0.907,0.894,0.92,/home/sebfunk/code/inc2prev/data/ab/20211223covid19infectionsurveydatasets21122021154400.xlsx,regional,2021-12-05
2021-07-26,2021-08-01,West Midlands,E12000005,0.9129999999999999,0.9,0.924,/home/sebfunk/code/inc2prev/data/ab/20211223covid19infectionsurveydatasets21122021154400.xlsx,regional,2021-12-05
2021-08-02,2021-08-08,West Midlands,E12000005,0.904,0.8909999999999999,0.9159999999999999,/home/sebfunk/code/inc2prev/data/ab/20211223covid19infectionsurveydatasets21122021154400.xlsx,regional,2021-12-05
2021-08-09,2021-08-15,West Midlands,E12000005,0.9159999999999999,0.904,0.927,/home/sebfunk/code/inc2prev/data/ab/20211223covid19infectionsurveydatasets21122021154400.xlsx,regional,2021-12-05
2021-08-16,2021-08-22,West Midlands,E12000005,0.9179999999999999,0.9059999999999999,0.929,/home/sebfunk/code/inc2prev/data/ab/20211223covid19infectionsurveydatasets21122021154400.xlsx,regional,2021-12-05
2021-08-23,2021-08-29,West Midlands,E12000005,0.92,0.9079999999999999,0.9309999999999999,/home/sebfunk/code/inc2prev/data/ab/20211223covid19infectionsurveydatasets21122021154400.xlsx,regional,2021-12-05
2021-08-30,2021-09-05,West Midlands,E12000005,0.92,0.9079999999999999,0.9309999999999999,/home/sebfunk/code/inc2prev/data/ab/20211223covid19infectionsurveydatasets21122021154400.xlsx,regional,2021-12-05
2021-09-06,2021-09-12,West Midlands,E12000005,0.935,0.925,0.9440000000000001,/home/sebfunk/code/inc2prev/data/ab/20211223covid19infectionsurveydatasets21122021154400.xlsx,regional,2021-12-05
2021-09-13,2021-09-19,West Midlands,E12000005,0.9329999999999999,0.9229999999999999,0.9420000000000001,/home/sebfunk/code/inc2prev/data/ab/20211223covid19infectionsurveydatasets21122021154400.xlsx,regional,2021-12-05
2021-09-20,2021-09-26,West Midlands,E12000005,0.925,0.914,0.935,/home/sebfunk/code/inc2prev/data/ab/20211223covid19infectionsurveydatasets21122021154400.xlsx,regional,2021-12-05
2021-09-27,2021-10-03,West Midlands,E12000005,0.9129999999999999,0.9009999999999999,0.925,/home/sebfunk/code/inc2prev/data/ab/20211223covid19infectionsurveydatasets21122021154400.xlsx,regional,2021-12-05
2021-10-04,2021-10-10,West Midlands,E12000005,0.9179999999999999,0.9059999999999999,0.929,/home/sebfunk/code/inc2prev/data/ab/20211223covid19infectionsurveydatasets21122021154400.xlsx,regional,2021-12-05
2021-10-11,2021-10-17,West Midlands,E12000005,0.932,0.9209999999999999,0.941,/home/sebfunk/code/inc2prev/data/ab/20211223covid19infectionsurveydatasets21122021154400.xlsx,regional,2021-12-05
2021-10-18,2021-10-24,West Midlands,E12000005,0.9279999999999999,0.917,0.938,/home/sebfunk/code/inc2prev/data/ab/20211223covid19infectionsurveydatasets21122021154400.xlsx,regional,2021-12-05
2021-10-25,2021-10-31,West Midlands,E12000005,0.929,0.9179999999999999,0.938,/home/sebfunk/code/inc2prev/data/ab/20211223covid19infectionsurveydatasets21122021154400.xlsx,regional,2021-12-05
2021-11-01,2021-11-07,West Midlands,E12000005,0.929,0.9179999999999999,0.9390000000000001,/home/sebfunk/code/inc2prev/data/ab/20211223covid19infectionsurveydatasets21122021154400.xlsx,regional,2021-12-05
2021-11-08,2021-11-14,West Midlands,E12000005,0.935,0.925,0.9440000000000001,/home/sebfunk/code/inc2prev/data/ab/20211223covid19infectionsurveydatasets21122021154400.xlsx,regional,2021-12-05
2021-11-15,2021-11-21,West Midlands,E12000005,0.95,0.941,0.9570000000000001,/home/sebfunk/code/inc2prev/data/ab/20211223covid19infectionsurveydatasets21122021154400.xlsx,regional,2021-12-05
2021-11-22,2021-11-28,West Midlands,E12000005,0.948,0.9390000000000001,0.9570000000000001,/home/sebfunk/code/inc2prev/data/ab/20211223covid19infectionsurveydatasets21122021154400.xlsx,regional,2021-12-05
2021-11-29,2021-12-05,West Midlands,E12000005,0.951,0.941,0.9590000000000001,/home/sebfunk/code/inc2prev/data/ab/20211223covid19infectionsurveydatasets21122021154400.xlsx,regional,2021-12-05
2020-12-07,2020-12-13,Yorkshire and The Humber,E12000003,0.085,0.069,0.105,/home/sebfunk/code/inc2prev/data/ab/20211223covid19infectionsurveydatasets21122021154400.xlsx,regional,2021-12-05
2020-12-14,2020-12-20,Yorkshire and The Humber,E12000003,0.08900000000000001,0.07400000000000001,0.107,/home/sebfunk/code/inc2prev/data/ab/20211223covid19infectionsurveydatasets21122021154400.xlsx,regional,2021-12-05
2020-12-21,2020-12-27,Yorkshire and The Humber,E12000003,0.091,0.076,0.109,/home/sebfunk/code/inc2prev/data/ab/20211223covid19infectionsurveydatasets21122021154400.xlsx,regional,2021-12-05
2020-12-28,2021-01-03,Yorkshire and The Humber,E12000003,0.09300000000000001,0.078,0.11,/home/sebfunk/code/inc2prev/data/ab/20211223covid19infectionsurveydatasets21122021154400.xlsx,regional,2021-12-05
2021-01-04,2021-01-10,Yorkshire and The Humber,E12000003,0.106,0.091,0.124,/home/sebfunk/code/inc2prev/data/ab/20211223covid19infectionsurveydatasets21122021154400.xlsx,regional,2021-12-05
2021-01-11,2021-01-17,Yorkshire and The Humber,E12000003,0.11,0.095,0.128,/home/sebfunk/code/inc2prev/data/ab/20211223covid19infectionsurveydatasets21122021154400.xlsx,regional,2021-12-05
2021-01-18,2021-01-24,Yorkshire and The Humber,E12000003,0.124,0.107,0.14300000000000002,/home/sebfunk/code/inc2prev/data/ab/20211223covid19infectionsurveydatasets21122021154400.xlsx,regional,2021-12-05
2021-01-25,2021-01-31,Yorkshire and The Humber,E12000003,0.141,0.122,0.163,/home/sebfunk/code/inc2prev/data/ab/20211223covid19infectionsurveydatasets21122021154400.xlsx,regional,2021-12-05
2021-02-01,2021-02-07,Yorkshire and The Humber,E12000003,0.162,0.141,0.184,/home/sebfunk/code/inc2prev/data/ab/20211223covid19infectionsurveydatasets21122021154400.xlsx,regional,2021-12-05
2021-02-08,2021-02-14,Yorkshire and The Humber,E12000003,0.193,0.17,0.218,/home/sebfunk/code/inc2prev/data/ab/20211223covid19infectionsurveydatasets21122021154400.xlsx,regional,2021-12-05
2021-02-15,2021-02-21,Yorkshire and The Humber,E12000003,0.22899999999999998,0.205,0.256,/home/sebfunk/code/inc2prev/data/ab/20211223covid19infectionsurveydatasets21122021154400.xlsx,regional,2021-12-05
2021-02-22,2021-02-28,Yorkshire and The Humber,E12000003,0.282,0.255,0.311,/home/sebfunk/code/inc2prev/data/ab/20211223covid19infectionsurveydatasets21122021154400.xlsx,regional,2021-12-05
2021-03-01,2021-03-07,Yorkshire and The Humber,E12000003,0.331,0.303,0.36,/home/sebfunk/code/inc2prev/data/ab/20211223covid19infectionsurveydatasets21122021154400.xlsx,regional,2021-12-05
2021-03-08,2021-03-14,Yorkshire and The Humber,E12000003,0.374,0.344,0.406,/home/sebfunk/code/inc2prev/data/ab/20211223covid19infectionsurveydatasets21122021154400.xlsx,regional,2021-12-05
2021-03-15,2021-03-21,Yorkshire and The Humber,E12000003,0.375,0.34299999999999997,0.408,/home/sebfunk/code/inc2prev/data/ab/20211223covid19infectionsurveydatasets21122021154400.xlsx,regional,2021-12-05
2021-03-22,2021-03-28,Yorkshire and The Humber,E12000003,0.385,0.354,0.418,/home/sebfunk/code/inc2prev/data/ab/20211223covid19infectionsurveydatasets21122021154400.xlsx,regional,2021-12-05
2021-03-29,2021-04-04,Yorkshire and The Humber,E12000003,0.467,0.434,0.5,/home/sebfunk/code/inc2prev/data/ab/20211223covid19infectionsurveydatasets21122021154400.xlsx,regional,2021-12-05
2021-04-05,2021-04-11,Yorkshire and The Humber,E12000003,0.5329999999999999,0.501,0.5670000000000001,/home/sebfunk/code/inc2prev/data/ab/20211223covid19infectionsurveydatasets21122021154400.xlsx,regional,2021-12-05
2021-04-12,2021-04-18,Yorkshire and The Humber,E12000003,0.564,0.5329999999999999,0.596,/home/sebfunk/code/inc2prev/data/ab/20211223covid19infectionsurveydatasets21122021154400.xlsx,regional,2021-12-05
2021-04-19,2021-04-25,Yorkshire and The Humber,E12000003,0.562,0.531,0.5920000000000001,/home/sebfunk/code/inc2prev/data/ab/20211223covid19infectionsurveydatasets21122021154400.xlsx,regional,2021-12-05
2021-04-26,2021-05-02,Yorkshire and The Humber,E12000003,0.617,0.588,0.6459999999999999,/home/sebfunk/code/inc2prev/data/ab/20211223covid19infectionsurveydatasets21122021154400.xlsx,regional,2021-12-05
2021-05-03,2021-05-09,Yorkshire and The Humber,E12000003,0.654,0.626,0.682,/home/sebfunk/code/inc2prev/data/ab/20211223covid19infectionsurveydatasets21122021154400.xlsx,regional,2021-12-05
2021-05-10,2021-05-16,Yorkshire and The Humber,E12000003,0.664,0.636,0.691,/home/sebfunk/code/inc2prev/data/ab/20211223covid19infectionsurveydatasets21122021154400.xlsx,regional,2021-12-05
2021-05-17,2021-05-23,Yorkshire and The Humber,E12000003,0.7020000000000001,0.675,0.728,/home/sebfunk/code/inc2prev/data/ab/20211223covid19infectionsurveydatasets21122021154400.xlsx,regional,2021-12-05
2021-05-24,2021-05-30,Yorkshire and The Humber,E12000003,0.737,0.7120000000000001,0.7609999999999999,/home/sebfunk/code/inc2prev/data/ab/20211223covid19infectionsurveydatasets21122021154400.xlsx,regional,2021-12-05
2021-05-31,2021-06-06,Yorkshire and The Humber,E12000003,0.76,0.736,0.782,/home/sebfunk/code/inc2prev/data/ab/20211223covid19infectionsurveydatasets21122021154400.xlsx,regional,2021-12-05
2021-06-07,2021-06-13,Yorkshire and The Humber,E12000003,0.795,0.774,0.816,/home/sebfunk/code/inc2prev/data/ab/20211223covid19infectionsurveydatasets21122021154400.xlsx,regional,2021-12-05
2021-06-14,2021-06-20,Yorkshire and The Humber,E12000003,0.8340000000000001,0.816,0.852,/home/sebfunk/code/inc2prev/data/ab/20211223covid19infectionsurveydatasets21122021154400.xlsx,regional,2021-12-05
2021-06-21,2021-06-27,Yorkshire and The Humber,E12000003,0.8590000000000001,0.8420000000000001,0.875,/home/sebfunk/code/inc2prev/data/ab/20211223covid19infectionsurveydatasets21122021154400.xlsx,regional,2021-12-05
2021-06-28,2021-07-04,Yorkshire and The Humber,E12000003,0.87,0.853,0.885,/home/sebfunk/code/inc2prev/data/ab/20211223covid19infectionsurveydatasets21122021154400.xlsx,regional,2021-12-05
2021-07-05,2021-07-11,Yorkshire and The Humber,E12000003,0.897,0.882,0.91,/home/sebfunk/code/inc2prev/data/ab/20211223covid19infectionsurveydatasets21122021154400.xlsx,regional,2021-12-05
2021-07-12,2021-07-18,Yorkshire and The Humber,E12000003,0.9009999999999999,0.887,0.914,/home/sebfunk/code/inc2prev/data/ab/20211223covid19infectionsurveydatasets21122021154400.xlsx,regional,2021-12-05
2021-07-19,2021-07-25,Yorkshire and The Humber,E12000003,0.91,0.8959999999999999,0.922,/home/sebfunk/code/inc2prev/data/ab/20211223covid19infectionsurveydatasets21122021154400.xlsx,regional,2021-12-05
2021-07-26,2021-08-01,Yorkshire and The Humber,E12000003,0.914,0.9009999999999999,0.9259999999999999,/home/sebfunk/code/inc2prev/data/ab/20211223covid19infectionsurveydatasets21122021154400.xlsx,regional,2021-12-05
2021-08-02,2021-08-08,Yorkshire and The Humber,E12000003,0.905,0.8909999999999999,0.917,/home/sebfunk/code/inc2prev/data/ab/20211223covid19infectionsurveydatasets21122021154400.xlsx,regional,2021-12-05
2021-08-09,2021-08-15,Yorkshire and The Humber,E12000003,0.917,0.904,0.9279999999999999,/home/sebfunk/code/inc2prev/data/ab/20211223covid19infectionsurveydatasets21122021154400.xlsx,regional,2021-12-05
2021-08-16,2021-08-22,Yorkshire and The Humber,E12000003,0.9179999999999999,0.905,0.929,/home/sebfunk/code/inc2prev/data/ab/20211223covid19infectionsurveydatasets21122021154400.xlsx,regional,2021-12-05
2021-08-23,2021-08-29,Yorkshire and The Humber,E12000003,0.92,0.9079999999999999,0.93,/home/sebfunk/code/inc2prev/data/ab/20211223covid19infectionsurveydatasets21122021154400.xlsx,regional,2021-12-05
2021-08-30,2021-09-05,Yorkshire and The Humber,E12000003,0.919,0.9059999999999999,0.929,/home/sebfunk/code/inc2prev/data/ab/20211223covid19infectionsurveydatasets21122021154400.xlsx,regional,2021-12-05
2021-09-06,2021-09-12,Yorkshire and The Humber,E12000003,0.9329999999999999,0.9229999999999999,0.9420000000000001,/home/sebfunk/code/inc2prev/data/ab/20211223covid19infectionsurveydatasets21122021154400.xlsx,regional,2021-12-05
2021-09-13,2021-09-19,Yorkshire and The Humber,E12000003,0.93,0.919,0.94,/home/sebfunk/code/inc2prev/data/ab/20211223covid19infectionsurveydatasets21122021154400.xlsx,regional,2021-12-05
2021-09-20,2021-09-26,Yorkshire and The Humber,E12000003,0.922,0.91,0.932,/home/sebfunk/code/inc2prev/data/ab/20211223covid19infectionsurveydatasets21122021154400.xlsx,regional,2021-12-05
2021-09-27,2021-10-03,Yorkshire and The Humber,E12000003,0.909,0.895,0.9209999999999999,/home/sebfunk/code/inc2prev/data/ab/20211223covid19infectionsurveydatasets21122021154400.xlsx,regional,2021-12-05
2021-10-04,2021-10-10,Yorkshire and The Humber,E12000003,0.9129999999999999,0.9,0.925,/home/sebfunk/code/inc2prev/data/ab/20211223covid19infectionsurveydatasets21122021154400.xlsx,regional,2021-12-05
2021-10-11,2021-10-17,Yorkshire and The Humber,E12000003,0.9279999999999999,0.917,0.937,/home/sebfunk/code/inc2prev/data/ab/20211223covid19infectionsurveydatasets21122021154400.xlsx,regional,2021-12-05
2021-10-18,2021-10-24,Yorkshire and The Humber,E12000003,0.924,0.912,0.934,/home/sebfunk/code/inc2prev/data/ab/20211223covid19infectionsurveydatasets21122021154400.xlsx,regional,2021-12-05
2021-10-25,2021-10-31,Yorkshire and The Humber,E12000003,0.924,0.912,0.935,/home/sebfunk/code/inc2prev/data/ab/20211223covid19infectionsurveydatasets21122021154400.xlsx,regional,2021-12-05
2021-11-01,2021-11-07,Yorkshire and The Humber,E12000003,0.925,0.9129999999999999,0.935,/home/sebfunk/code/inc2prev/data/ab/20211223covid19infectionsurveydatasets21122021154400.xlsx,regional,2021-12-05
2021-11-08,2021-11-14,Yorkshire and The Humber,E12000003,0.9309999999999999,0.92,0.941,/home/sebfunk/code/inc2prev/data/ab/20211223covid19infectionsurveydatasets21122021154400.xlsx,regional,2021-12-05
2021-11-15,2021-11-21,Yorkshire and The Humber,E12000003,0.9470000000000001,0.938,0.955,/home/sebfunk/code/inc2prev/data/ab/20211223covid19infectionsurveydatasets21122021154400.xlsx,regional,2021-12-05
2021-11-22,2021-11-28,Yorkshire and The Humber,E12000003,0.9470000000000001,0.937,0.955,/home/sebfunk/code/inc2prev/data/ab/20211223covid19infectionsurveydatasets21122021154400.xlsx,regional,2021-12-05
2021-11-29,2021-12-05,Yorkshire and The Humber,E12000003,0.95,0.94,0.9590000000000001,/home/sebfunk/code/inc2prev/data/ab/20211223covid19infectionsurveydatasets21122021154400.xlsx,regional,2021-12-05
