start_date,end_date,geography,geography_code,proportion_pos,proportion_pos_low_95,proportion_pos_high_95,file_name,level,lower_age_limit,report_date
2020-12-07,2020-12-13,England,E92000001,0.20800000000000002,0.149,0.28300000000000003,/Users/eidesfun/code/inc2prev/data/ab/20211208covid19infectionsurveydatasets.xlsx,age_school,16,2021-11-20
2020-12-07,2020-12-13,England,E92000001,0.09,0.064,0.127,/Users/eidesfun/code/inc2prev/data/ab/20211208covid19infectionsurveydatasets.xlsx,age_school,25,2021-11-20
2020-12-07,2020-12-13,England,E92000001,0.086,0.064,0.115,/Users/eidesfun/code/inc2prev/data/ab/20211208covid19infectionsurveydatasets.xlsx,age_school,35,2021-11-20
2020-12-07,2020-12-13,England,E92000001,0.091,0.068,0.122,/Users/eidesfun/code/inc2prev/data/ab/20211208covid19infectionsurveydatasets.xlsx,age_school,50,2021-11-20
2020-12-07,2020-12-13,England,E92000001,0.034,0.023,0.05,/Users/eidesfun/code/inc2prev/data/ab/20211208covid19infectionsurveydatasets.xlsx,age_school,60,2021-11-20
2020-12-07,2020-12-13,England,E92000001,0.051,0.035,0.073,/Users/eidesfun/code/inc2prev/data/ab/20211208covid19infectionsurveydatasets.xlsx,age_school,65,2021-11-20
2020-12-07,2020-12-13,England,E92000001,0.028999999999999998,0.019,0.042,/Users/eidesfun/code/inc2prev/data/ab/20211208covid19infectionsurveydatasets.xlsx,age_school,70,2021-11-20
2020-12-07,2020-12-13,England,E92000001,0.035,0.022000000000000002,0.053,/Users/eidesfun/code/inc2prev/data/ab/20211208covid19infectionsurveydatasets.xlsx,age_school,75,2021-11-20
2020-12-07,2020-12-13,England,E92000001,0.021,0.012,0.034,/Users/eidesfun/code/inc2prev/data/ab/20211208covid19infectionsurveydatasets.xlsx,age_school,80,2021-11-20
2020-12-14,2020-12-20,England,E92000001,0.213,0.159,0.27699999999999997,/Users/eidesfun/code/inc2prev/data/ab/20211208covid19infectionsurveydatasets.xlsx,age_school,16,2021-11-20
2020-12-14,2020-12-20,England,E92000001,0.105,0.078,0.14,/Users/eidesfun/code/inc2prev/data/ab/20211208covid19infectionsurveydatasets.xlsx,age_school,25,2021-11-20
2020-12-14,2020-12-20,England,E92000001,0.08900000000000001,0.068,0.115,/Users/eidesfun/code/inc2prev/data/ab/20211208covid19infectionsurveydatasets.xlsx,age_school,35,2021-11-20
2020-12-14,2020-12-20,England,E92000001,0.09,0.069,0.11800000000000001,/Users/eidesfun/code/inc2prev/data/ab/20211208covid19infectionsurveydatasets.xlsx,age_school,50,2021-11-20
2020-12-14,2020-12-20,England,E92000001,0.037000000000000005,0.026000000000000002,0.052000000000000005,/Users/eidesfun/code/inc2prev/data/ab/20211208covid19infectionsurveydatasets.xlsx,age_school,60,2021-11-20
2020-12-14,2020-12-20,England,E92000001,0.054000000000000006,0.039,0.075,/Users/eidesfun/code/inc2prev/data/ab/20211208covid19infectionsurveydatasets.xlsx,age_school,65,2021-11-20
2020-12-14,2020-12-20,England,E92000001,0.031,0.022000000000000002,0.045,/Users/eidesfun/code/inc2prev/data/ab/20211208covid19infectionsurveydatasets.xlsx,age_school,70,2021-11-20
2020-12-14,2020-12-20,England,E92000001,0.037000000000000005,0.025,0.053,/Users/eidesfun/code/inc2prev/data/ab/20211208covid19infectionsurveydatasets.xlsx,age_school,75,2021-11-20
2020-12-14,2020-12-20,England,E92000001,0.03,0.02,0.046,/Users/eidesfun/code/inc2prev/data/ab/20211208covid19infectionsurveydatasets.xlsx,age_school,80,2021-11-20
2020-12-21,2020-12-27,England,E92000001,0.21,0.158,0.275,/Users/eidesfun/code/inc2prev/data/ab/20211208covid19infectionsurveydatasets.xlsx,age_school,16,2021-11-20
2020-12-21,2020-12-27,England,E92000001,0.11,0.08199999999999999,0.146,/Users/eidesfun/code/inc2prev/data/ab/20211208covid19infectionsurveydatasets.xlsx,age_school,25,2021-11-20
2020-12-21,2020-12-27,England,E92000001,0.092,0.07,0.12,/Users/eidesfun/code/inc2prev/data/ab/20211208covid19infectionsurveydatasets.xlsx,age_school,35,2021-11-20
2020-12-21,2020-12-27,England,E92000001,0.091,0.069,0.121,/Users/eidesfun/code/inc2prev/data/ab/20211208covid19infectionsurveydatasets.xlsx,age_school,50,2021-11-20
2020-12-21,2020-12-27,England,E92000001,0.037000000000000005,0.027000000000000003,0.052000000000000005,/Users/eidesfun/code/inc2prev/data/ab/20211208covid19infectionsurveydatasets.xlsx,age_school,60,2021-11-20
2020-12-21,2020-12-27,England,E92000001,0.054000000000000006,0.039,0.07400000000000001,/Users/eidesfun/code/inc2prev/data/ab/20211208covid19infectionsurveydatasets.xlsx,age_school,65,2021-11-20
2020-12-21,2020-12-27,England,E92000001,0.031,0.022000000000000002,0.045,/Users/eidesfun/code/inc2prev/data/ab/20211208covid19infectionsurveydatasets.xlsx,age_school,70,2021-11-20
2020-12-21,2020-12-27,England,E92000001,0.037000000000000005,0.025,0.054000000000000006,/Users/eidesfun/code/inc2prev/data/ab/20211208covid19infectionsurveydatasets.xlsx,age_school,75,2021-11-20
2020-12-21,2020-12-27,England,E92000001,0.048,0.032,0.07,/Users/eidesfun/code/inc2prev/data/ab/20211208covid19infectionsurveydatasets.xlsx,age_school,80,2021-11-20
2020-12-28,2021-01-03,England,E92000001,0.198,0.149,0.257,/Users/eidesfun/code/inc2prev/data/ab/20211208covid19infectionsurveydatasets.xlsx,age_school,16,2021-11-20
2020-12-28,2021-01-03,England,E92000001,0.113,0.085,0.149,/Users/eidesfun/code/inc2prev/data/ab/20211208covid19infectionsurveydatasets.xlsx,age_school,25,2021-11-20
2020-12-28,2021-01-03,England,E92000001,0.098,0.075,0.126,/Users/eidesfun/code/inc2prev/data/ab/20211208covid19infectionsurveydatasets.xlsx,age_school,35,2021-11-20
2020-12-28,2021-01-03,England,E92000001,0.094,0.07200000000000001,0.12300000000000001,/Users/eidesfun/code/inc2prev/data/ab/20211208covid19infectionsurveydatasets.xlsx,age_school,50,2021-11-20
2020-12-28,2021-01-03,England,E92000001,0.037000000000000005,0.027000000000000003,0.051,/Users/eidesfun/code/inc2prev/data/ab/20211208covid19infectionsurveydatasets.xlsx,age_school,60,2021-11-20
2020-12-28,2021-01-03,England,E92000001,0.053,0.038,0.07200000000000001,/Users/eidesfun/code/inc2prev/data/ab/20211208covid19infectionsurveydatasets.xlsx,age_school,65,2021-11-20
2020-12-28,2021-01-03,England,E92000001,0.032,0.023,0.045,/Users/eidesfun/code/inc2prev/data/ab/20211208covid19infectionsurveydatasets.xlsx,age_school,70,2021-11-20
2020-12-28,2021-01-03,England,E92000001,0.04,0.027999999999999997,0.057,/Users/eidesfun/code/inc2prev/data/ab/20211208covid19infectionsurveydatasets.xlsx,age_school,75,2021-11-20
2020-12-28,2021-01-03,England,E92000001,0.08199999999999999,0.057,0.114,/Users/eidesfun/code/inc2prev/data/ab/20211208covid19infectionsurveydatasets.xlsx,age_school,80,2021-11-20
2021-01-04,2021-01-10,England,E92000001,0.21,0.162,0.267,/Users/eidesfun/code/inc2prev/data/ab/20211208covid19infectionsurveydatasets.xlsx,age_school,16,2021-11-20
2021-01-04,2021-01-10,England,E92000001,0.129,0.099,0.166,/Users/eidesfun/code/inc2prev/data/ab/20211208covid19infectionsurveydatasets.xlsx,age_school,25,2021-11-20
2021-01-04,2021-01-10,England,E92000001,0.11,0.086,0.14,/Users/eidesfun/code/inc2prev/data/ab/20211208covid19infectionsurveydatasets.xlsx,age_school,35,2021-11-20
2021-01-04,2021-01-10,England,E92000001,0.115,0.09,0.14800000000000002,/Users/eidesfun/code/inc2prev/data/ab/20211208covid19infectionsurveydatasets.xlsx,age_school,50,2021-11-20
2021-01-04,2021-01-10,England,E92000001,0.042,0.031,0.057999999999999996,/Users/eidesfun/code/inc2prev/data/ab/20211208covid19infectionsurveydatasets.xlsx,age_school,60,2021-11-20
2021-01-04,2021-01-10,England,E92000001,0.057,0.042,0.076,/Users/eidesfun/code/inc2prev/data/ab/20211208covid19infectionsurveydatasets.xlsx,age_school,65,2021-11-20
2021-01-04,2021-01-10,England,E92000001,0.036000000000000004,0.026000000000000002,0.05,/Users/eidesfun/code/inc2prev/data/ab/20211208covid19infectionsurveydatasets.xlsx,age_school,70,2021-11-20
2021-01-04,2021-01-10,England,E92000001,0.05,0.036000000000000004,0.07,/Users/eidesfun/code/inc2prev/data/ab/20211208covid19infectionsurveydatasets.xlsx,age_school,75,2021-11-20
2021-01-04,2021-01-10,England,E92000001,0.141,0.10300000000000001,0.19,/Users/eidesfun/code/inc2prev/data/ab/20211208covid19infectionsurveydatasets.xlsx,age_school,80,2021-11-20
2021-01-11,2021-01-17,England,E92000001,0.22,0.172,0.278,/Users/eidesfun/code/inc2prev/data/ab/20211208covid19infectionsurveydatasets.xlsx,age_school,16,2021-11-20
2021-01-11,2021-01-17,England,E92000001,0.127,0.098,0.163,/Users/eidesfun/code/inc2prev/data/ab/20211208covid19infectionsurveydatasets.xlsx,age_school,25,2021-11-20
2021-01-11,2021-01-17,England,E92000001,0.109,0.085,0.138,/Users/eidesfun/code/inc2prev/data/ab/20211208covid19infectionsurveydatasets.xlsx,age_school,35,2021-11-20
2021-01-11,2021-01-17,England,E92000001,0.12,0.09300000000000001,0.154,/Users/eidesfun/code/inc2prev/data/ab/20211208covid19infectionsurveydatasets.xlsx,age_school,50,2021-11-20
2021-01-11,2021-01-17,England,E92000001,0.045,0.033,0.062,/Users/eidesfun/code/inc2prev/data/ab/20211208covid19infectionsurveydatasets.xlsx,age_school,60,2021-11-20
2021-01-11,2021-01-17,England,E92000001,0.057999999999999996,0.043,0.078,/Users/eidesfun/code/inc2prev/data/ab/20211208covid19infectionsurveydatasets.xlsx,age_school,65,2021-11-20
2021-01-11,2021-01-17,England,E92000001,0.036000000000000004,0.026000000000000002,0.049,/Users/eidesfun/code/inc2prev/data/ab/20211208covid19infectionsurveydatasets.xlsx,age_school,70,2021-11-20
2021-01-11,2021-01-17,England,E92000001,0.054000000000000006,0.039,0.075,/Users/eidesfun/code/inc2prev/data/ab/20211208covid19infectionsurveydatasets.xlsx,age_school,75,2021-11-20
2021-01-11,2021-01-17,England,E92000001,0.192,0.14400000000000002,0.251,/Users/eidesfun/code/inc2prev/data/ab/20211208covid19infectionsurveydatasets.xlsx,age_school,80,2021-11-20
2021-01-18,2021-01-24,England,E92000001,0.239,0.187,0.301,/Users/eidesfun/code/inc2prev/data/ab/20211208covid19infectionsurveydatasets.xlsx,age_school,16,2021-11-20
2021-01-18,2021-01-24,England,E92000001,0.132,0.102,0.16899999999999998,/Users/eidesfun/code/inc2prev/data/ab/20211208covid19infectionsurveydatasets.xlsx,age_school,25,2021-11-20
2021-01-18,2021-01-24,England,E92000001,0.124,0.09699999999999999,0.156,/Users/eidesfun/code/inc2prev/data/ab/20211208covid19infectionsurveydatasets.xlsx,age_school,35,2021-11-20
2021-01-18,2021-01-24,England,E92000001,0.134,0.105,0.171,/Users/eidesfun/code/inc2prev/data/ab/20211208covid19infectionsurveydatasets.xlsx,age_school,50,2021-11-20
2021-01-18,2021-01-24,England,E92000001,0.055999999999999994,0.040999999999999995,0.07400000000000001,/Users/eidesfun/code/inc2prev/data/ab/20211208covid19infectionsurveydatasets.xlsx,age_school,60,2021-11-20
2021-01-18,2021-01-24,England,E92000001,0.059000000000000004,0.044000000000000004,0.079,/Users/eidesfun/code/inc2prev/data/ab/20211208covid19infectionsurveydatasets.xlsx,age_school,65,2021-11-20
2021-01-18,2021-01-24,England,E92000001,0.042,0.031,0.057999999999999996,/Users/eidesfun/code/inc2prev/data/ab/20211208covid19infectionsurveydatasets.xlsx,age_school,70,2021-11-20
2021-01-18,2021-01-24,England,E92000001,0.067,0.049,0.092,/Users/eidesfun/code/inc2prev/data/ab/20211208covid19infectionsurveydatasets.xlsx,age_school,75,2021-11-20
2021-01-18,2021-01-24,England,E92000001,0.26,0.19899999999999998,0.331,/Users/eidesfun/code/inc2prev/data/ab/20211208covid19infectionsurveydatasets.xlsx,age_school,80,2021-11-20
2021-01-25,2021-01-31,England,E92000001,0.247,0.193,0.31,/Users/eidesfun/code/inc2prev/data/ab/20211208covid19infectionsurveydatasets.xlsx,age_school,16,2021-11-20
2021-01-25,2021-01-31,England,E92000001,0.136,0.105,0.175,/Users/eidesfun/code/inc2prev/data/ab/20211208covid19infectionsurveydatasets.xlsx,age_school,25,2021-11-20
2021-01-25,2021-01-31,England,E92000001,0.14400000000000002,0.114,0.18,/Users/eidesfun/code/inc2prev/data/ab/20211208covid19infectionsurveydatasets.xlsx,age_school,35,2021-11-20
2021-01-25,2021-01-31,England,E92000001,0.152,0.11900000000000001,0.192,/Users/eidesfun/code/inc2prev/data/ab/20211208covid19infectionsurveydatasets.xlsx,age_school,50,2021-11-20
2021-01-25,2021-01-31,England,E92000001,0.071,0.052000000000000005,0.094,/Users/eidesfun/code/inc2prev/data/ab/20211208covid19infectionsurveydatasets.xlsx,age_school,60,2021-11-20
2021-01-25,2021-01-31,England,E92000001,0.061,0.046,0.08199999999999999,/Users/eidesfun/code/inc2prev/data/ab/20211208covid19infectionsurveydatasets.xlsx,age_school,65,2021-11-20
2021-01-25,2021-01-31,England,E92000001,0.055,0.04,0.07400000000000001,/Users/eidesfun/code/inc2prev/data/ab/20211208covid19infectionsurveydatasets.xlsx,age_school,70,2021-11-20
2021-01-25,2021-01-31,England,E92000001,0.113,0.083,0.149,/Users/eidesfun/code/inc2prev/data/ab/20211208covid19infectionsurveydatasets.xlsx,age_school,75,2021-11-20
2021-01-25,2021-01-31,England,E92000001,0.344,0.27,0.426,/Users/eidesfun/code/inc2prev/data/ab/20211208covid19infectionsurveydatasets.xlsx,age_school,80,2021-11-20
2021-02-01,2021-02-07,England,E92000001,0.24100000000000002,0.188,0.303,/Users/eidesfun/code/inc2prev/data/ab/20211208covid19infectionsurveydatasets.xlsx,age_school,16,2021-11-20
2021-02-01,2021-02-07,England,E92000001,0.154,0.12,0.19699999999999998,/Users/eidesfun/code/inc2prev/data/ab/20211208covid19infectionsurveydatasets.xlsx,age_school,25,2021-11-20
2021-02-01,2021-02-07,England,E92000001,0.159,0.126,0.19899999999999998,/Users/eidesfun/code/inc2prev/data/ab/20211208covid19infectionsurveydatasets.xlsx,age_school,35,2021-11-20
2021-02-01,2021-02-07,England,E92000001,0.17,0.135,0.213,/Users/eidesfun/code/inc2prev/data/ab/20211208covid19infectionsurveydatasets.xlsx,age_school,50,2021-11-20
2021-02-01,2021-02-07,England,E92000001,0.081,0.061,0.106,/Users/eidesfun/code/inc2prev/data/ab/20211208covid19infectionsurveydatasets.xlsx,age_school,60,2021-11-20
2021-02-01,2021-02-07,England,E92000001,0.073,0.054000000000000006,0.09699999999999999,/Users/eidesfun/code/inc2prev/data/ab/20211208covid19infectionsurveydatasets.xlsx,age_school,65,2021-11-20
2021-02-01,2021-02-07,England,E92000001,0.085,0.064,0.113,/Users/eidesfun/code/inc2prev/data/ab/20211208covid19infectionsurveydatasets.xlsx,age_school,70,2021-11-20
2021-02-01,2021-02-07,England,E92000001,0.223,0.172,0.27899999999999997,/Users/eidesfun/code/inc2prev/data/ab/20211208covid19infectionsurveydatasets.xlsx,age_school,75,2021-11-20
2021-02-01,2021-02-07,England,E92000001,0.44799999999999995,0.363,0.535,/Users/eidesfun/code/inc2prev/data/ab/20211208covid19infectionsurveydatasets.xlsx,age_school,80,2021-11-20
2021-02-08,2021-02-14,England,E92000001,0.259,0.20600000000000002,0.324,/Users/eidesfun/code/inc2prev/data/ab/20211208covid19infectionsurveydatasets.xlsx,age_school,16,2021-11-20
2021-02-08,2021-02-14,England,E92000001,0.175,0.138,0.221,/Users/eidesfun/code/inc2prev/data/ab/20211208covid19infectionsurveydatasets.xlsx,age_school,25,2021-11-20
2021-02-08,2021-02-14,England,E92000001,0.17800000000000002,0.142,0.22,/Users/eidesfun/code/inc2prev/data/ab/20211208covid19infectionsurveydatasets.xlsx,age_school,35,2021-11-20
2021-02-08,2021-02-14,England,E92000001,0.18600000000000003,0.14800000000000002,0.231,/Users/eidesfun/code/inc2prev/data/ab/20211208covid19infectionsurveydatasets.xlsx,age_school,50,2021-11-20
2021-02-08,2021-02-14,England,E92000001,0.087,0.066,0.115,/Users/eidesfun/code/inc2prev/data/ab/20211208covid19infectionsurveydatasets.xlsx,age_school,60,2021-11-20
2021-02-08,2021-02-14,England,E92000001,0.09699999999999999,0.07400000000000001,0.128,/Users/eidesfun/code/inc2prev/data/ab/20211208covid19infectionsurveydatasets.xlsx,age_school,65,2021-11-20
2021-02-08,2021-02-14,England,E92000001,0.166,0.127,0.212,/Users/eidesfun/code/inc2prev/data/ab/20211208covid19infectionsurveydatasets.xlsx,age_school,70,2021-11-20
2021-02-08,2021-02-14,England,E92000001,0.406,0.332,0.48100000000000004,/Users/eidesfun/code/inc2prev/data/ab/20211208covid19infectionsurveydatasets.xlsx,age_school,75,2021-11-20
2021-02-08,2021-02-14,England,E92000001,0.534,0.445,0.617,/Users/eidesfun/code/inc2prev/data/ab/20211208covid19infectionsurveydatasets.xlsx,age_school,80,2021-11-20
2021-02-15,2021-02-21,England,E92000001,0.27399999999999997,0.21899999999999997,0.34,/Users/eidesfun/code/inc2prev/data/ab/20211208covid19infectionsurveydatasets.xlsx,age_school,16,2021-11-20
2021-02-15,2021-02-21,England,E92000001,0.19,0.151,0.239,/Users/eidesfun/code/inc2prev/data/ab/20211208covid19infectionsurveydatasets.xlsx,age_school,25,2021-11-20
2021-02-15,2021-02-21,England,E92000001,0.196,0.157,0.24,/Users/eidesfun/code/inc2prev/data/ab/20211208covid19infectionsurveydatasets.xlsx,age_school,35,2021-11-20
2021-02-15,2021-02-21,England,E92000001,0.19699999999999998,0.157,0.244,/Users/eidesfun/code/inc2prev/data/ab/20211208covid19infectionsurveydatasets.xlsx,age_school,50,2021-11-20
2021-02-15,2021-02-21,England,E92000001,0.10800000000000001,0.083,0.14,/Users/eidesfun/code/inc2prev/data/ab/20211208covid19infectionsurveydatasets.xlsx,age_school,60,2021-11-20
2021-02-15,2021-02-21,England,E92000001,0.152,0.11800000000000001,0.19399999999999998,/Users/eidesfun/code/inc2prev/data/ab/20211208covid19infectionsurveydatasets.xlsx,age_school,65,2021-11-20
2021-02-15,2021-02-21,England,E92000001,0.33899999999999997,0.27399999999999997,0.408,/Users/eidesfun/code/inc2prev/data/ab/20211208covid19infectionsurveydatasets.xlsx,age_school,70,2021-11-20
2021-02-15,2021-02-21,England,E92000001,0.594,0.519,0.6659999999999999,/Users/eidesfun/code/inc2prev/data/ab/20211208covid19infectionsurveydatasets.xlsx,age_school,75,2021-11-20
2021-02-15,2021-02-21,England,E92000001,0.601,0.517,0.679,/Users/eidesfun/code/inc2prev/data/ab/20211208covid19infectionsurveydatasets.xlsx,age_school,80,2021-11-20
2021-02-22,2021-02-28,England,E92000001,0.293,0.235,0.36,/Users/eidesfun/code/inc2prev/data/ab/20211208covid19infectionsurveydatasets.xlsx,age_school,16,2021-11-20
2021-02-22,2021-02-28,England,E92000001,0.203,0.161,0.253,/Users/eidesfun/code/inc2prev/data/ab/20211208covid19infectionsurveydatasets.xlsx,age_school,25,2021-11-20
2021-02-22,2021-02-28,England,E92000001,0.21,0.17,0.257,/Users/eidesfun/code/inc2prev/data/ab/20211208covid19infectionsurveydatasets.xlsx,age_school,35,2021-11-20
2021-02-22,2021-02-28,England,E92000001,0.239,0.193,0.29100000000000004,/Users/eidesfun/code/inc2prev/data/ab/20211208covid19infectionsurveydatasets.xlsx,age_school,50,2021-11-20
2021-02-22,2021-02-28,England,E92000001,0.151,0.11699999999999999,0.192,/Users/eidesfun/code/inc2prev/data/ab/20211208covid19infectionsurveydatasets.xlsx,age_school,60,2021-11-20
2021-02-22,2021-02-28,England,E92000001,0.33399999999999996,0.273,0.401,/Users/eidesfun/code/inc2prev/data/ab/20211208covid19infectionsurveydatasets.xlsx,age_school,65,2021-11-20
2021-02-22,2021-02-28,England,E92000001,0.605,0.527,0.675,/Users/eidesfun/code/inc2prev/data/ab/20211208covid19infectionsurveydatasets.xlsx,age_school,70,2021-11-20
2021-02-22,2021-02-28,England,E92000001,0.723,0.654,0.7809999999999999,/Users/eidesfun/code/inc2prev/data/ab/20211208covid19infectionsurveydatasets.xlsx,age_school,75,2021-11-20
2021-02-22,2021-02-28,England,E92000001,0.653,0.57,0.726,/Users/eidesfun/code/inc2prev/data/ab/20211208covid19infectionsurveydatasets.xlsx,age_school,80,2021-11-20
2021-03-01,2021-03-07,England,E92000001,0.306,0.247,0.37200000000000005,/Users/eidesfun/code/inc2prev/data/ab/20211208covid19infectionsurveydatasets.xlsx,age_school,16,2021-11-20
2021-03-01,2021-03-07,England,E92000001,0.225,0.179,0.27699999999999997,/Users/eidesfun/code/inc2prev/data/ab/20211208covid19infectionsurveydatasets.xlsx,age_school,25,2021-11-20
2021-03-01,2021-03-07,England,E92000001,0.23399999999999999,0.19,0.28300000000000003,/Users/eidesfun/code/inc2prev/data/ab/20211208covid19infectionsurveydatasets.xlsx,age_school,35,2021-11-20
2021-03-01,2021-03-07,England,E92000001,0.275,0.22399999999999998,0.332,/Users/eidesfun/code/inc2prev/data/ab/20211208covid19infectionsurveydatasets.xlsx,age_school,50,2021-11-20
2021-03-01,2021-03-07,England,E92000001,0.21600000000000003,0.17,0.268,/Users/eidesfun/code/inc2prev/data/ab/20211208covid19infectionsurveydatasets.xlsx,age_school,60,2021-11-20
2021-03-01,2021-03-07,England,E92000001,0.599,0.528,0.665,/Users/eidesfun/code/inc2prev/data/ab/20211208covid19infectionsurveydatasets.xlsx,age_school,65,2021-11-20
2021-03-01,2021-03-07,England,E92000001,0.738,0.674,0.7929999999999999,/Users/eidesfun/code/inc2prev/data/ab/20211208covid19infectionsurveydatasets.xlsx,age_school,70,2021-11-20
2021-03-01,2021-03-07,England,E92000001,0.775,0.7140000000000001,0.826,/Users/eidesfun/code/inc2prev/data/ab/20211208covid19infectionsurveydatasets.xlsx,age_school,75,2021-11-20
2021-03-01,2021-03-07,England,E92000001,0.6829999999999999,0.606,0.753,/Users/eidesfun/code/inc2prev/data/ab/20211208covid19infectionsurveydatasets.xlsx,age_school,80,2021-11-20
2021-03-08,2021-03-14,England,E92000001,0.33399999999999996,0.271,0.405,/Users/eidesfun/code/inc2prev/data/ab/20211208covid19infectionsurveydatasets.xlsx,age_school,16,2021-11-20
2021-03-08,2021-03-14,England,E92000001,0.262,0.213,0.319,/Users/eidesfun/code/inc2prev/data/ab/20211208covid19infectionsurveydatasets.xlsx,age_school,25,2021-11-20
2021-03-08,2021-03-14,England,E92000001,0.27,0.222,0.325,/Users/eidesfun/code/inc2prev/data/ab/20211208covid19infectionsurveydatasets.xlsx,age_school,35,2021-11-20
2021-03-08,2021-03-14,England,E92000001,0.322,0.266,0.38299999999999995,/Users/eidesfun/code/inc2prev/data/ab/20211208covid19infectionsurveydatasets.xlsx,age_school,50,2021-11-20
2021-03-08,2021-03-14,England,E92000001,0.32,0.26,0.386,/Users/eidesfun/code/inc2prev/data/ab/20211208covid19infectionsurveydatasets.xlsx,age_school,60,2021-11-20
2021-03-08,2021-03-14,England,E92000001,0.754,0.6940000000000001,0.805,/Users/eidesfun/code/inc2prev/data/ab/20211208covid19infectionsurveydatasets.xlsx,age_school,65,2021-11-20
2021-03-08,2021-03-14,England,E92000001,0.772,0.7120000000000001,0.821,/Users/eidesfun/code/inc2prev/data/ab/20211208covid19infectionsurveydatasets.xlsx,age_school,70,2021-11-20
2021-03-08,2021-03-14,England,E92000001,0.772,0.71,0.8220000000000001,/Users/eidesfun/code/inc2prev/data/ab/20211208covid19infectionsurveydatasets.xlsx,age_school,75,2021-11-20
2021-03-08,2021-03-14,England,E92000001,0.68,0.602,0.7509999999999999,/Users/eidesfun/code/inc2prev/data/ab/20211208covid19infectionsurveydatasets.xlsx,age_school,80,2021-11-20
2021-03-15,2021-03-21,England,E92000001,0.311,0.25,0.38,/Users/eidesfun/code/inc2prev/data/ab/20211208covid19infectionsurveydatasets.xlsx,age_school,16,2021-11-20
2021-03-15,2021-03-21,England,E92000001,0.267,0.215,0.325,/Users/eidesfun/code/inc2prev/data/ab/20211208covid19infectionsurveydatasets.xlsx,age_school,25,2021-11-20
2021-03-15,2021-03-21,England,E92000001,0.29,0.24,0.345,/Users/eidesfun/code/inc2prev/data/ab/20211208covid19infectionsurveydatasets.xlsx,age_school,35,2021-11-20
2021-03-15,2021-03-21,England,E92000001,0.33899999999999997,0.284,0.402,/Users/eidesfun/code/inc2prev/data/ab/20211208covid19infectionsurveydatasets.xlsx,age_school,50,2021-11-20
2021-03-15,2021-03-21,England,E92000001,0.409,0.341,0.48100000000000004,/Users/eidesfun/code/inc2prev/data/ab/20211208covid19infectionsurveydatasets.xlsx,age_school,60,2021-11-20
2021-03-15,2021-03-21,England,E92000001,0.753,0.6940000000000001,0.804,/Users/eidesfun/code/inc2prev/data/ab/20211208covid19infectionsurveydatasets.xlsx,age_school,65,2021-11-20
2021-03-15,2021-03-21,England,E92000001,0.705,0.638,0.764,/Users/eidesfun/code/inc2prev/data/ab/20211208covid19infectionsurveydatasets.xlsx,age_school,70,2021-11-20
2021-03-15,2021-03-21,England,E92000001,0.711,0.642,0.7709999999999999,/Users/eidesfun/code/inc2prev/data/ab/20211208covid19infectionsurveydatasets.xlsx,age_school,75,2021-11-20
2021-03-15,2021-03-21,England,E92000001,0.634,0.5529999999999999,0.7090000000000001,/Users/eidesfun/code/inc2prev/data/ab/20211208covid19infectionsurveydatasets.xlsx,age_school,80,2021-11-20
2021-03-22,2021-03-28,England,E92000001,0.305,0.248,0.369,/Users/eidesfun/code/inc2prev/data/ab/20211208covid19infectionsurveydatasets.xlsx,age_school,16,2021-11-20
2021-03-22,2021-03-28,England,E92000001,0.268,0.21899999999999997,0.324,/Users/eidesfun/code/inc2prev/data/ab/20211208covid19infectionsurveydatasets.xlsx,age_school,25,2021-11-20
2021-03-22,2021-03-28,England,E92000001,0.292,0.243,0.34700000000000003,/Users/eidesfun/code/inc2prev/data/ab/20211208covid19infectionsurveydatasets.xlsx,age_school,35,2021-11-20
2021-03-22,2021-03-28,England,E92000001,0.395,0.336,0.45899999999999996,/Users/eidesfun/code/inc2prev/data/ab/20211208covid19infectionsurveydatasets.xlsx,age_school,50,2021-11-20
2021-03-22,2021-03-28,England,E92000001,0.526,0.45399999999999996,0.595,/Users/eidesfun/code/inc2prev/data/ab/20211208covid19infectionsurveydatasets.xlsx,age_school,60,2021-11-20
2021-03-22,2021-03-28,England,E92000001,0.728,0.6659999999999999,0.782,/Users/eidesfun/code/inc2prev/data/ab/20211208covid19infectionsurveydatasets.xlsx,age_school,65,2021-11-20
2021-03-22,2021-03-28,England,E92000001,0.677,0.609,0.738,/Users/eidesfun/code/inc2prev/data/ab/20211208covid19infectionsurveydatasets.xlsx,age_school,70,2021-11-20
2021-03-22,2021-03-28,England,E92000001,0.667,0.593,0.7290000000000001,/Users/eidesfun/code/inc2prev/data/ab/20211208covid19infectionsurveydatasets.xlsx,age_school,75,2021-11-20
2021-03-22,2021-03-28,England,E92000001,0.633,0.552,0.7070000000000001,/Users/eidesfun/code/inc2prev/data/ab/20211208covid19infectionsurveydatasets.xlsx,age_school,80,2021-11-20
2021-03-29,2021-04-04,England,E92000001,0.345,0.287,0.415,/Users/eidesfun/code/inc2prev/data/ab/20211208covid19infectionsurveydatasets.xlsx,age_school,16,2021-11-20
2021-03-29,2021-04-04,England,E92000001,0.306,0.252,0.366,/Users/eidesfun/code/inc2prev/data/ab/20211208covid19infectionsurveydatasets.xlsx,age_school,25,2021-11-20
2021-03-29,2021-04-04,England,E92000001,0.363,0.307,0.424,/Users/eidesfun/code/inc2prev/data/ab/20211208covid19infectionsurveydatasets.xlsx,age_school,35,2021-11-20
2021-03-29,2021-04-04,England,E92000001,0.544,0.48,0.609,/Users/eidesfun/code/inc2prev/data/ab/20211208covid19infectionsurveydatasets.xlsx,age_school,50,2021-11-20
2021-03-29,2021-04-04,England,E92000001,0.696,0.632,0.752,/Users/eidesfun/code/inc2prev/data/ab/20211208covid19infectionsurveydatasets.xlsx,age_school,60,2021-11-20
2021-03-29,2021-04-04,England,E92000001,0.773,0.718,0.8190000000000001,/Users/eidesfun/code/inc2prev/data/ab/20211208covid19infectionsurveydatasets.xlsx,age_school,65,2021-11-20
2021-03-29,2021-04-04,England,E92000001,0.741,0.679,0.794,/Users/eidesfun/code/inc2prev/data/ab/20211208covid19infectionsurveydatasets.xlsx,age_school,70,2021-11-20
2021-03-29,2021-04-04,England,E92000001,0.715,0.6459999999999999,0.773,/Users/eidesfun/code/inc2prev/data/ab/20211208covid19infectionsurveydatasets.xlsx,age_school,75,2021-11-20
2021-03-29,2021-04-04,England,E92000001,0.743,0.672,0.802,/Users/eidesfun/code/inc2prev/data/ab/20211208covid19infectionsurveydatasets.xlsx,age_school,80,2021-11-20
2021-04-05,2021-04-11,England,E92000001,0.374,0.312,0.445,/Users/eidesfun/code/inc2prev/data/ab/20211208covid19infectionsurveydatasets.xlsx,age_school,16,2021-11-20
2021-04-05,2021-04-11,England,E92000001,0.348,0.29,0.41,/Users/eidesfun/code/inc2prev/data/ab/20211208covid19infectionsurveydatasets.xlsx,age_school,25,2021-11-20
2021-04-05,2021-04-11,England,E92000001,0.426,0.366,0.48700000000000004,/Users/eidesfun/code/inc2prev/data/ab/20211208covid19infectionsurveydatasets.xlsx,age_school,35,2021-11-20
2021-04-05,2021-04-11,England,E92000001,0.7120000000000001,0.654,0.763,/Users/eidesfun/code/inc2prev/data/ab/20211208covid19infectionsurveydatasets.xlsx,age_school,50,2021-11-20
2021-04-05,2021-04-11,England,E92000001,0.769,0.713,0.815,/Users/eidesfun/code/inc2prev/data/ab/20211208covid19infectionsurveydatasets.xlsx,age_school,60,2021-11-20
2021-04-05,2021-04-11,England,E92000001,0.77,0.7140000000000001,0.8170000000000001,/Users/eidesfun/code/inc2prev/data/ab/20211208covid19infectionsurveydatasets.xlsx,age_school,65,2021-11-20
2021-04-05,2021-04-11,England,E92000001,0.7440000000000001,0.684,0.797,/Users/eidesfun/code/inc2prev/data/ab/20211208covid19infectionsurveydatasets.xlsx,age_school,70,2021-11-20
2021-04-05,2021-04-11,England,E92000001,0.748,0.684,0.802,/Users/eidesfun/code/inc2prev/data/ab/20211208covid19infectionsurveydatasets.xlsx,age_school,75,2021-11-20
2021-04-05,2021-04-11,England,E92000001,0.8109999999999999,0.752,0.858,/Users/eidesfun/code/inc2prev/data/ab/20211208covid19infectionsurveydatasets.xlsx,age_school,80,2021-11-20
2021-04-12,2021-04-18,England,E92000001,0.389,0.326,0.46,/Users/eidesfun/code/inc2prev/data/ab/20211208covid19infectionsurveydatasets.xlsx,age_school,16,2021-11-20
2021-04-12,2021-04-18,England,E92000001,0.35600000000000004,0.297,0.419,/Users/eidesfun/code/inc2prev/data/ab/20211208covid19infectionsurveydatasets.xlsx,age_school,25,2021-11-20
2021-04-12,2021-04-18,England,E92000001,0.439,0.379,0.502,/Users/eidesfun/code/inc2prev/data/ab/20211208covid19infectionsurveydatasets.xlsx,age_school,35,2021-11-20
2021-04-12,2021-04-18,England,E92000001,0.79,0.743,0.831,/Users/eidesfun/code/inc2prev/data/ab/20211208covid19infectionsurveydatasets.xlsx,age_school,50,2021-11-20
2021-04-12,2021-04-18,England,E92000001,0.7859999999999999,0.733,0.83,/Users/eidesfun/code/inc2prev/data/ab/20211208covid19infectionsurveydatasets.xlsx,age_school,60,2021-11-20
2021-04-12,2021-04-18,England,E92000001,0.757,0.6990000000000001,0.8059999999999999,/Users/eidesfun/code/inc2prev/data/ab/20211208covid19infectionsurveydatasets.xlsx,age_school,65,2021-11-20
2021-04-12,2021-04-18,England,E92000001,0.752,0.693,0.8029999999999999,/Users/eidesfun/code/inc2prev/data/ab/20211208covid19infectionsurveydatasets.xlsx,age_school,70,2021-11-20
2021-04-12,2021-04-18,England,E92000001,0.7929999999999999,0.735,0.8390000000000001,/Users/eidesfun/code/inc2prev/data/ab/20211208covid19infectionsurveydatasets.xlsx,age_school,75,2021-11-20
2021-04-12,2021-04-18,England,E92000001,0.866,0.82,0.9009999999999999,/Users/eidesfun/code/inc2prev/data/ab/20211208covid19infectionsurveydatasets.xlsx,age_school,80,2021-11-20
2021-04-19,2021-04-25,England,E92000001,0.358,0.295,0.425,/Users/eidesfun/code/inc2prev/data/ab/20211208covid19infectionsurveydatasets.xlsx,age_school,16,2021-11-20
2021-04-19,2021-04-25,England,E92000001,0.344,0.287,0.40399999999999997,/Users/eidesfun/code/inc2prev/data/ab/20211208covid19infectionsurveydatasets.xlsx,age_school,25,2021-11-20
2021-04-19,2021-04-25,England,E92000001,0.434,0.375,0.496,/Users/eidesfun/code/inc2prev/data/ab/20211208covid19infectionsurveydatasets.xlsx,age_school,35,2021-11-20
2021-04-19,2021-04-25,England,E92000001,0.7929999999999999,0.746,0.8340000000000001,/Users/eidesfun/code/inc2prev/data/ab/20211208covid19infectionsurveydatasets.xlsx,age_school,50,2021-11-20
2021-04-19,2021-04-25,England,E92000001,0.757,0.7,0.804,/Users/eidesfun/code/inc2prev/data/ab/20211208covid19infectionsurveydatasets.xlsx,age_school,60,2021-11-20
2021-04-19,2021-04-25,England,E92000001,0.74,0.6809999999999999,0.7909999999999999,/Users/eidesfun/code/inc2prev/data/ab/20211208covid19infectionsurveydatasets.xlsx,age_school,65,2021-11-20
2021-04-19,2021-04-25,England,E92000001,0.764,0.706,0.813,/Users/eidesfun/code/inc2prev/data/ab/20211208covid19infectionsurveydatasets.xlsx,age_school,70,2021-11-20
2021-04-19,2021-04-25,England,E92000001,0.8320000000000001,0.782,0.872,/Users/eidesfun/code/inc2prev/data/ab/20211208covid19infectionsurveydatasets.xlsx,age_school,75,2021-11-20
2021-04-19,2021-04-25,England,E92000001,0.898,0.861,0.9259999999999999,/Users/eidesfun/code/inc2prev/data/ab/20211208covid19infectionsurveydatasets.xlsx,age_school,80,2021-11-20
2021-04-26,2021-05-02,England,E92000001,0.361,0.301,0.43,/Users/eidesfun/code/inc2prev/data/ab/20211208covid19infectionsurveydatasets.xlsx,age_school,16,2021-11-20
2021-04-26,2021-05-02,England,E92000001,0.382,0.322,0.446,/Users/eidesfun/code/inc2prev/data/ab/20211208covid19infectionsurveydatasets.xlsx,age_school,25,2021-11-20
2021-04-26,2021-05-02,England,E92000001,0.49200000000000005,0.43,0.5529999999999999,/Users/eidesfun/code/inc2prev/data/ab/20211208covid19infectionsurveydatasets.xlsx,age_school,35,2021-11-20
2021-04-26,2021-05-02,England,E92000001,0.856,0.82,0.887,/Users/eidesfun/code/inc2prev/data/ab/20211208covid19infectionsurveydatasets.xlsx,age_school,50,2021-11-20
2021-04-26,2021-05-02,England,E92000001,0.8009999999999999,0.7509999999999999,0.843,/Users/eidesfun/code/inc2prev/data/ab/20211208covid19infectionsurveydatasets.xlsx,age_school,60,2021-11-20
2021-04-26,2021-05-02,England,E92000001,0.8,0.7490000000000001,0.843,/Users/eidesfun/code/inc2prev/data/ab/20211208covid19infectionsurveydatasets.xlsx,age_school,65,2021-11-20
2021-04-26,2021-05-02,England,E92000001,0.862,0.821,0.893,/Users/eidesfun/code/inc2prev/data/ab/20211208covid19infectionsurveydatasets.xlsx,age_school,70,2021-11-20
2021-04-26,2021-05-02,England,E92000001,0.907,0.875,0.9309999999999999,/Users/eidesfun/code/inc2prev/data/ab/20211208covid19infectionsurveydatasets.xlsx,age_school,75,2021-11-20
2021-04-26,2021-05-02,England,E92000001,0.9359999999999999,0.909,0.955,/Users/eidesfun/code/inc2prev/data/ab/20211208covid19infectionsurveydatasets.xlsx,age_school,80,2021-11-20
2021-05-03,2021-05-09,England,E92000001,0.396,0.331,0.46799999999999997,/Users/eidesfun/code/inc2prev/data/ab/20211208covid19infectionsurveydatasets.xlsx,age_school,16,2021-11-20
2021-05-03,2021-05-09,England,E92000001,0.392,0.331,0.456,/Users/eidesfun/code/inc2prev/data/ab/20211208covid19infectionsurveydatasets.xlsx,age_school,25,2021-11-20
2021-05-03,2021-05-09,England,E92000001,0.544,0.48200000000000004,0.605,/Users/eidesfun/code/inc2prev/data/ab/20211208covid19infectionsurveydatasets.xlsx,age_school,35,2021-11-20
2021-05-03,2021-05-09,England,E92000001,0.8690000000000001,0.8370000000000001,0.897,/Users/eidesfun/code/inc2prev/data/ab/20211208covid19infectionsurveydatasets.xlsx,age_school,50,2021-11-20
2021-05-03,2021-05-09,England,E92000001,0.8320000000000001,0.787,0.868,/Users/eidesfun/code/inc2prev/data/ab/20211208covid19infectionsurveydatasets.xlsx,age_school,60,2021-11-20
2021-05-03,2021-05-09,England,E92000001,0.863,0.826,0.894,/Users/eidesfun/code/inc2prev/data/ab/20211208covid19infectionsurveydatasets.xlsx,age_school,65,2021-11-20
2021-05-03,2021-05-09,England,E92000001,0.93,0.9059999999999999,0.9470000000000001,/Users/eidesfun/code/inc2prev/data/ab/20211208covid19infectionsurveydatasets.xlsx,age_school,70,2021-11-20
2021-05-03,2021-05-09,England,E92000001,0.9420000000000001,0.92,0.958,/Users/eidesfun/code/inc2prev/data/ab/20211208covid19infectionsurveydatasets.xlsx,age_school,75,2021-11-20
2021-05-03,2021-05-09,England,E92000001,0.95,0.929,0.965,/Users/eidesfun/code/inc2prev/data/ab/20211208covid19infectionsurveydatasets.xlsx,age_school,80,2021-11-20
2021-05-10,2021-05-16,England,E92000001,0.38,0.317,0.449,/Users/eidesfun/code/inc2prev/data/ab/20211208covid19infectionsurveydatasets.xlsx,age_school,16,2021-11-20
2021-05-10,2021-05-16,England,E92000001,0.39,0.32899999999999996,0.45399999999999996,/Users/eidesfun/code/inc2prev/data/ab/20211208covid19infectionsurveydatasets.xlsx,age_school,25,2021-11-20
2021-05-10,2021-05-16,England,E92000001,0.598,0.537,0.657,/Users/eidesfun/code/inc2prev/data/ab/20211208covid19infectionsurveydatasets.xlsx,age_school,35,2021-11-20
2021-05-10,2021-05-16,England,E92000001,0.841,0.8029999999999999,0.8740000000000001,/Users/eidesfun/code/inc2prev/data/ab/20211208covid19infectionsurveydatasets.xlsx,age_school,50,2021-11-20
2021-05-10,2021-05-16,England,E92000001,0.816,0.768,0.855,/Users/eidesfun/code/inc2prev/data/ab/20211208covid19infectionsurveydatasets.xlsx,age_school,60,2021-11-20
2021-05-10,2021-05-16,England,E92000001,0.889,0.857,0.915,/Users/eidesfun/code/inc2prev/data/ab/20211208covid19infectionsurveydatasets.xlsx,age_school,65,2021-11-20
2021-05-10,2021-05-16,England,E92000001,0.948,0.93,0.9620000000000001,/Users/eidesfun/code/inc2prev/data/ab/20211208covid19infectionsurveydatasets.xlsx,age_school,70,2021-11-20
2021-05-10,2021-05-16,England,E92000001,0.9490000000000001,0.93,0.963,/Users/eidesfun/code/inc2prev/data/ab/20211208covid19infectionsurveydatasets.xlsx,age_school,75,2021-11-20
2021-05-10,2021-05-16,England,E92000001,0.946,0.9229999999999999,0.963,/Users/eidesfun/code/inc2prev/data/ab/20211208covid19infectionsurveydatasets.xlsx,age_school,80,2021-11-20
2021-05-17,2021-05-23,England,E92000001,0.406,0.341,0.47700000000000004,/Users/eidesfun/code/inc2prev/data/ab/20211208covid19infectionsurveydatasets.xlsx,age_school,16,2021-11-20
2021-05-17,2021-05-23,England,E92000001,0.439,0.376,0.505,/Users/eidesfun/code/inc2prev/data/ab/20211208covid19infectionsurveydatasets.xlsx,age_school,25,2021-11-20
2021-05-17,2021-05-23,England,E92000001,0.677,0.621,0.73,/Users/eidesfun/code/inc2prev/data/ab/20211208covid19infectionsurveydatasets.xlsx,age_school,35,2021-11-20
2021-05-17,2021-05-23,England,E92000001,0.851,0.815,0.882,/Users/eidesfun/code/inc2prev/data/ab/20211208covid19infectionsurveydatasets.xlsx,age_school,50,2021-11-20
2021-05-17,2021-05-23,England,E92000001,0.836,0.7929999999999999,0.872,/Users/eidesfun/code/inc2prev/data/ab/20211208covid19infectionsurveydatasets.xlsx,age_school,60,2021-11-20
2021-05-17,2021-05-23,England,E92000001,0.93,0.9079999999999999,0.9470000000000001,/Users/eidesfun/code/inc2prev/data/ab/20211208covid19infectionsurveydatasets.xlsx,age_school,65,2021-11-20
2021-05-17,2021-05-23,England,E92000001,0.96,0.946,0.971,/Users/eidesfun/code/inc2prev/data/ab/20211208covid19infectionsurveydatasets.xlsx,age_school,70,2021-11-20
2021-05-17,2021-05-23,England,E92000001,0.9590000000000001,0.943,0.971,/Users/eidesfun/code/inc2prev/data/ab/20211208covid19infectionsurveydatasets.xlsx,age_school,75,2021-11-20
2021-05-17,2021-05-23,England,E92000001,0.9470000000000001,0.925,0.963,/Users/eidesfun/code/inc2prev/data/ab/20211208covid19infectionsurveydatasets.xlsx,age_school,80,2021-11-20
2021-05-24,2021-05-30,England,E92000001,0.41600000000000004,0.35,0.48700000000000004,/Users/eidesfun/code/inc2prev/data/ab/20211208covid19infectionsurveydatasets.xlsx,age_school,16,2021-11-20
2021-05-24,2021-05-30,England,E92000001,0.479,0.415,0.544,/Users/eidesfun/code/inc2prev/data/ab/20211208covid19infectionsurveydatasets.xlsx,age_school,25,2021-11-20
2021-05-24,2021-05-30,England,E92000001,0.7609999999999999,0.713,0.804,/Users/eidesfun/code/inc2prev/data/ab/20211208covid19infectionsurveydatasets.xlsx,age_school,35,2021-11-20
2021-05-24,2021-05-30,England,E92000001,0.868,0.8340000000000001,0.895,/Users/eidesfun/code/inc2prev/data/ab/20211208covid19infectionsurveydatasets.xlsx,age_school,50,2021-11-20
2021-05-24,2021-05-30,England,E92000001,0.863,0.8240000000000001,0.895,/Users/eidesfun/code/inc2prev/data/ab/20211208covid19infectionsurveydatasets.xlsx,age_school,60,2021-11-20
2021-05-24,2021-05-30,England,E92000001,0.9470000000000001,0.93,0.961,/Users/eidesfun/code/inc2prev/data/ab/20211208covid19infectionsurveydatasets.xlsx,age_school,65,2021-11-20
2021-05-24,2021-05-30,England,E92000001,0.963,0.9490000000000001,0.973,/Users/eidesfun/code/inc2prev/data/ab/20211208covid19infectionsurveydatasets.xlsx,age_school,70,2021-11-20
2021-05-24,2021-05-30,England,E92000001,0.9620000000000001,0.946,0.973,/Users/eidesfun/code/inc2prev/data/ab/20211208covid19infectionsurveydatasets.xlsx,age_school,75,2021-11-20
2021-05-24,2021-05-30,England,E92000001,0.943,0.92,0.961,/Users/eidesfun/code/inc2prev/data/ab/20211208covid19infectionsurveydatasets.xlsx,age_school,80,2021-11-20
2021-05-31,2021-06-06,England,E92000001,0.40700000000000003,0.341,0.478,/Users/eidesfun/code/inc2prev/data/ab/20211208covid19infectionsurveydatasets.xlsx,age_school,16,2021-11-20
2021-05-31,2021-06-06,England,E92000001,0.504,0.43799999999999994,0.569,/Users/eidesfun/code/inc2prev/data/ab/20211208covid19infectionsurveydatasets.xlsx,age_school,25,2021-11-20
2021-05-31,2021-06-06,England,E92000001,0.825,0.7859999999999999,0.8590000000000001,/Users/eidesfun/code/inc2prev/data/ab/20211208covid19infectionsurveydatasets.xlsx,age_school,35,2021-11-20
2021-05-31,2021-06-06,England,E92000001,0.8809999999999999,0.85,0.907,/Users/eidesfun/code/inc2prev/data/ab/20211208covid19infectionsurveydatasets.xlsx,age_school,50,2021-11-20
2021-05-31,2021-06-06,England,E92000001,0.905,0.8759999999999999,0.9279999999999999,/Users/eidesfun/code/inc2prev/data/ab/20211208covid19infectionsurveydatasets.xlsx,age_school,60,2021-11-20
2021-05-31,2021-06-06,England,E92000001,0.9540000000000001,0.938,0.966,/Users/eidesfun/code/inc2prev/data/ab/20211208covid19infectionsurveydatasets.xlsx,age_school,65,2021-11-20
2021-05-31,2021-06-06,England,E92000001,0.96,0.945,0.971,/Users/eidesfun/code/inc2prev/data/ab/20211208covid19infectionsurveydatasets.xlsx,age_school,70,2021-11-20
2021-05-31,2021-06-06,England,E92000001,0.956,0.9390000000000001,0.9690000000000001,/Users/eidesfun/code/inc2prev/data/ab/20211208covid19infectionsurveydatasets.xlsx,age_school,75,2021-11-20
2021-05-31,2021-06-06,England,E92000001,0.938,0.9129999999999999,0.956,/Users/eidesfun/code/inc2prev/data/ab/20211208covid19infectionsurveydatasets.xlsx,age_school,80,2021-11-20
2021-06-07,2021-06-13,England,E92000001,0.40700000000000003,0.342,0.47700000000000004,/Users/eidesfun/code/inc2prev/data/ab/20211208covid19infectionsurveydatasets.xlsx,age_school,16,2021-11-20
2021-06-07,2021-06-13,England,E92000001,0.598,0.534,0.657,/Users/eidesfun/code/inc2prev/data/ab/20211208covid19infectionsurveydatasets.xlsx,age_school,25,2021-11-20
2021-06-07,2021-06-13,England,E92000001,0.8759999999999999,0.846,0.9009999999999999,/Users/eidesfun/code/inc2prev/data/ab/20211208covid19infectionsurveydatasets.xlsx,age_school,35,2021-11-20
2021-06-07,2021-06-13,England,E92000001,0.9159999999999999,0.893,0.935,/Users/eidesfun/code/inc2prev/data/ab/20211208covid19infectionsurveydatasets.xlsx,age_school,50,2021-11-20
2021-06-07,2021-06-13,England,E92000001,0.937,0.9159999999999999,0.9520000000000001,/Users/eidesfun/code/inc2prev/data/ab/20211208covid19infectionsurveydatasets.xlsx,age_school,60,2021-11-20
2021-06-07,2021-06-13,England,E92000001,0.956,0.941,0.9670000000000001,/Users/eidesfun/code/inc2prev/data/ab/20211208covid19infectionsurveydatasets.xlsx,age_school,65,2021-11-20
2021-06-07,2021-06-13,England,E92000001,0.96,0.945,0.97,/Users/eidesfun/code/inc2prev/data/ab/20211208covid19infectionsurveydatasets.xlsx,age_school,70,2021-11-20
2021-06-07,2021-06-13,England,E92000001,0.953,0.9359999999999999,0.966,/Users/eidesfun/code/inc2prev/data/ab/20211208covid19infectionsurveydatasets.xlsx,age_school,75,2021-11-20
2021-06-07,2021-06-13,England,E92000001,0.9390000000000001,0.914,0.956,/Users/eidesfun/code/inc2prev/data/ab/20211208covid19infectionsurveydatasets.xlsx,age_school,80,2021-11-20
2021-06-14,2021-06-20,England,E92000001,0.45399999999999996,0.384,0.524,/Users/eidesfun/code/inc2prev/data/ab/20211208covid19infectionsurveydatasets.xlsx,age_school,16,2021-11-20
2021-06-14,2021-06-20,England,E92000001,0.7070000000000001,0.65,0.759,/Users/eidesfun/code/inc2prev/data/ab/20211208covid19infectionsurveydatasets.xlsx,age_school,25,2021-11-20
2021-06-14,2021-06-20,England,E92000001,0.9079999999999999,0.884,0.927,/Users/eidesfun/code/inc2prev/data/ab/20211208covid19infectionsurveydatasets.xlsx,age_school,35,2021-11-20
2021-06-14,2021-06-20,England,E92000001,0.9490000000000001,0.934,0.961,/Users/eidesfun/code/inc2prev/data/ab/20211208covid19infectionsurveydatasets.xlsx,age_school,50,2021-11-20
2021-06-14,2021-06-20,England,E92000001,0.955,0.94,0.966,/Users/eidesfun/code/inc2prev/data/ab/20211208covid19infectionsurveydatasets.xlsx,age_school,60,2021-11-20
2021-06-14,2021-06-20,England,E92000001,0.956,0.941,0.9670000000000001,/Users/eidesfun/code/inc2prev/data/ab/20211208covid19infectionsurveydatasets.xlsx,age_school,65,2021-11-20
2021-06-14,2021-06-20,England,E92000001,0.96,0.945,0.97,/Users/eidesfun/code/inc2prev/data/ab/20211208covid19infectionsurveydatasets.xlsx,age_school,70,2021-11-20
2021-06-14,2021-06-20,England,E92000001,0.956,0.9390000000000001,0.968,/Users/eidesfun/code/inc2prev/data/ab/20211208covid19infectionsurveydatasets.xlsx,age_school,75,2021-11-20
2021-06-14,2021-06-20,England,E92000001,0.9420000000000001,0.9179999999999999,0.958,/Users/eidesfun/code/inc2prev/data/ab/20211208covid19infectionsurveydatasets.xlsx,age_school,80,2021-11-20
2021-06-21,2021-06-27,England,E92000001,0.49200000000000005,0.42200000000000004,0.563,/Users/eidesfun/code/inc2prev/data/ab/20211208covid19infectionsurveydatasets.xlsx,age_school,16,2021-11-20
2021-06-21,2021-06-27,England,E92000001,0.7979999999999999,0.752,0.838,/Users/eidesfun/code/inc2prev/data/ab/20211208covid19infectionsurveydatasets.xlsx,age_school,25,2021-11-20
2021-06-21,2021-06-27,England,E92000001,0.9229999999999999,0.902,0.94,/Users/eidesfun/code/inc2prev/data/ab/20211208covid19infectionsurveydatasets.xlsx,age_school,35,2021-11-20
2021-06-21,2021-06-27,England,E92000001,0.958,0.946,0.968,/Users/eidesfun/code/inc2prev/data/ab/20211208covid19infectionsurveydatasets.xlsx,age_school,50,2021-11-20
2021-06-21,2021-06-27,England,E92000001,0.958,0.943,0.968,/Users/eidesfun/code/inc2prev/data/ab/20211208covid19infectionsurveydatasets.xlsx,age_school,60,2021-11-20
2021-06-21,2021-06-27,England,E92000001,0.955,0.94,0.966,/Users/eidesfun/code/inc2prev/data/ab/20211208covid19infectionsurveydatasets.xlsx,age_school,65,2021-11-20
2021-06-21,2021-06-27,England,E92000001,0.955,0.9390000000000001,0.9670000000000001,/Users/eidesfun/code/inc2prev/data/ab/20211208covid19infectionsurveydatasets.xlsx,age_school,70,2021-11-20
2021-06-21,2021-06-27,England,E92000001,0.9520000000000001,0.934,0.965,/Users/eidesfun/code/inc2prev/data/ab/20211208covid19infectionsurveydatasets.xlsx,age_school,75,2021-11-20
2021-06-21,2021-06-27,England,E92000001,0.938,0.914,0.956,/Users/eidesfun/code/inc2prev/data/ab/20211208covid19infectionsurveydatasets.xlsx,age_school,80,2021-11-20
2021-06-28,2021-07-04,England,E92000001,0.529,0.45899999999999996,0.599,/Users/eidesfun/code/inc2prev/data/ab/20211208covid19infectionsurveydatasets.xlsx,age_school,16,2021-11-20
2021-06-28,2021-07-04,England,E92000001,0.856,0.82,0.8859999999999999,/Users/eidesfun/code/inc2prev/data/ab/20211208covid19infectionsurveydatasets.xlsx,age_school,25,2021-11-20
2021-06-28,2021-07-04,England,E92000001,0.925,0.905,0.941,/Users/eidesfun/code/inc2prev/data/ab/20211208covid19infectionsurveydatasets.xlsx,age_school,35,2021-11-20
2021-06-28,2021-07-04,England,E92000001,0.9570000000000001,0.9440000000000001,0.9670000000000001,/Users/eidesfun/code/inc2prev/data/ab/20211208covid19infectionsurveydatasets.xlsx,age_school,50,2021-11-20
2021-06-28,2021-07-04,England,E92000001,0.9520000000000001,0.9359999999999999,0.9640000000000001,/Users/eidesfun/code/inc2prev/data/ab/20211208covid19infectionsurveydatasets.xlsx,age_school,60,2021-11-20
2021-06-28,2021-07-04,England,E92000001,0.945,0.927,0.9590000000000001,/Users/eidesfun/code/inc2prev/data/ab/20211208covid19infectionsurveydatasets.xlsx,age_school,65,2021-11-20
2021-06-28,2021-07-04,England,E92000001,0.9440000000000001,0.924,0.958,/Users/eidesfun/code/inc2prev/data/ab/20211208covid19infectionsurveydatasets.xlsx,age_school,70,2021-11-20
2021-06-28,2021-07-04,England,E92000001,0.934,0.91,0.951,/Users/eidesfun/code/inc2prev/data/ab/20211208covid19infectionsurveydatasets.xlsx,age_school,75,2021-11-20
2021-06-28,2021-07-04,England,E92000001,0.9279999999999999,0.9,0.948,/Users/eidesfun/code/inc2prev/data/ab/20211208covid19infectionsurveydatasets.xlsx,age_school,80,2021-11-20
2021-07-05,2021-07-11,England,E92000001,0.644,0.578,0.705,/Users/eidesfun/code/inc2prev/data/ab/20211208covid19infectionsurveydatasets.xlsx,age_school,16,2021-11-20
2021-07-05,2021-07-11,England,E92000001,0.902,0.875,0.924,/Users/eidesfun/code/inc2prev/data/ab/20211208covid19infectionsurveydatasets.xlsx,age_school,25,2021-11-20
2021-07-05,2021-07-11,England,E92000001,0.9359999999999999,0.919,0.95,/Users/eidesfun/code/inc2prev/data/ab/20211208covid19infectionsurveydatasets.xlsx,age_school,35,2021-11-20
2021-07-05,2021-07-11,England,E92000001,0.96,0.9490000000000001,0.97,/Users/eidesfun/code/inc2prev/data/ab/20211208covid19infectionsurveydatasets.xlsx,age_school,50,2021-11-20
2021-07-05,2021-07-11,England,E92000001,0.9570000000000001,0.943,0.968,/Users/eidesfun/code/inc2prev/data/ab/20211208covid19infectionsurveydatasets.xlsx,age_school,60,2021-11-20
2021-07-05,2021-07-11,England,E92000001,0.9490000000000001,0.9329999999999999,0.9620000000000001,/Users/eidesfun/code/inc2prev/data/ab/20211208covid19infectionsurveydatasets.xlsx,age_school,65,2021-11-20
2021-07-05,2021-07-11,England,E92000001,0.948,0.929,0.961,/Users/eidesfun/code/inc2prev/data/ab/20211208covid19infectionsurveydatasets.xlsx,age_school,70,2021-11-20
2021-07-05,2021-07-11,England,E92000001,0.934,0.91,0.951,/Users/eidesfun/code/inc2prev/data/ab/20211208covid19infectionsurveydatasets.xlsx,age_school,75,2021-11-20
2021-07-05,2021-07-11,England,E92000001,0.93,0.903,0.951,/Users/eidesfun/code/inc2prev/data/ab/20211208covid19infectionsurveydatasets.xlsx,age_school,80,2021-11-20
2021-07-12,2021-07-18,England,E92000001,0.6990000000000001,0.635,0.757,/Users/eidesfun/code/inc2prev/data/ab/20211208covid19infectionsurveydatasets.xlsx,age_school,16,2021-11-20
2021-07-12,2021-07-18,England,E92000001,0.9129999999999999,0.889,0.9329999999999999,/Users/eidesfun/code/inc2prev/data/ab/20211208covid19infectionsurveydatasets.xlsx,age_school,25,2021-11-20
2021-07-12,2021-07-18,England,E92000001,0.935,0.9179999999999999,0.9490000000000001,/Users/eidesfun/code/inc2prev/data/ab/20211208covid19infectionsurveydatasets.xlsx,age_school,35,2021-11-20
2021-07-12,2021-07-18,England,E92000001,0.9520000000000001,0.938,0.963,/Users/eidesfun/code/inc2prev/data/ab/20211208covid19infectionsurveydatasets.xlsx,age_school,50,2021-11-20
2021-07-12,2021-07-18,England,E92000001,0.953,0.938,0.965,/Users/eidesfun/code/inc2prev/data/ab/20211208covid19infectionsurveydatasets.xlsx,age_school,60,2021-11-20
2021-07-12,2021-07-18,England,E92000001,0.94,0.92,0.955,/Users/eidesfun/code/inc2prev/data/ab/20211208covid19infectionsurveydatasets.xlsx,age_school,65,2021-11-20
2021-07-12,2021-07-18,England,E92000001,0.941,0.92,0.956,/Users/eidesfun/code/inc2prev/data/ab/20211208covid19infectionsurveydatasets.xlsx,age_school,70,2021-11-20
2021-07-12,2021-07-18,England,E92000001,0.9279999999999999,0.902,0.946,/Users/eidesfun/code/inc2prev/data/ab/20211208covid19infectionsurveydatasets.xlsx,age_school,75,2021-11-20
2021-07-12,2021-07-18,England,E92000001,0.925,0.8959999999999999,0.946,/Users/eidesfun/code/inc2prev/data/ab/20211208covid19infectionsurveydatasets.xlsx,age_school,80,2021-11-20
2021-07-19,2021-07-25,England,E92000001,0.746,0.688,0.7959999999999999,/Users/eidesfun/code/inc2prev/data/ab/20211208covid19infectionsurveydatasets.xlsx,age_school,16,2021-11-20
2021-07-19,2021-07-25,England,E92000001,0.9279999999999999,0.9059999999999999,0.9440000000000001,/Users/eidesfun/code/inc2prev/data/ab/20211208covid19infectionsurveydatasets.xlsx,age_school,25,2021-11-20
2021-07-19,2021-07-25,England,E92000001,0.9440000000000001,0.9279999999999999,0.9570000000000001,/Users/eidesfun/code/inc2prev/data/ab/20211208covid19infectionsurveydatasets.xlsx,age_school,35,2021-11-20
2021-07-19,2021-07-25,England,E92000001,0.953,0.9390000000000001,0.9640000000000001,/Users/eidesfun/code/inc2prev/data/ab/20211208covid19infectionsurveydatasets.xlsx,age_school,50,2021-11-20
2021-07-19,2021-07-25,England,E92000001,0.953,0.938,0.965,/Users/eidesfun/code/inc2prev/data/ab/20211208covid19infectionsurveydatasets.xlsx,age_school,60,2021-11-20
2021-07-19,2021-07-25,England,E92000001,0.932,0.91,0.948,/Users/eidesfun/code/inc2prev/data/ab/20211208covid19infectionsurveydatasets.xlsx,age_school,65,2021-11-20
2021-07-19,2021-07-25,England,E92000001,0.935,0.9129999999999999,0.9520000000000001,/Users/eidesfun/code/inc2prev/data/ab/20211208covid19infectionsurveydatasets.xlsx,age_school,70,2021-11-20
2021-07-19,2021-07-25,England,E92000001,0.9259999999999999,0.9,0.945,/Users/eidesfun/code/inc2prev/data/ab/20211208covid19infectionsurveydatasets.xlsx,age_school,75,2021-11-20
2021-07-19,2021-07-25,England,E92000001,0.9209999999999999,0.8909999999999999,0.943,/Users/eidesfun/code/inc2prev/data/ab/20211208covid19infectionsurveydatasets.xlsx,age_school,80,2021-11-20
2021-07-26,2021-08-01,England,E92000001,0.762,0.705,0.81,/Users/eidesfun/code/inc2prev/data/ab/20211208covid19infectionsurveydatasets.xlsx,age_school,16,2021-11-20
2021-07-26,2021-08-01,England,E92000001,0.934,0.915,0.9490000000000001,/Users/eidesfun/code/inc2prev/data/ab/20211208covid19infectionsurveydatasets.xlsx,age_school,25,2021-11-20
2021-07-26,2021-08-01,England,E92000001,0.953,0.9390000000000001,0.963,/Users/eidesfun/code/inc2prev/data/ab/20211208covid19infectionsurveydatasets.xlsx,age_school,35,2021-11-20
2021-07-26,2021-08-01,England,E92000001,0.9570000000000001,0.945,0.9670000000000001,/Users/eidesfun/code/inc2prev/data/ab/20211208covid19infectionsurveydatasets.xlsx,age_school,50,2021-11-20
2021-07-26,2021-08-01,England,E92000001,0.955,0.9390000000000001,0.966,/Users/eidesfun/code/inc2prev/data/ab/20211208covid19infectionsurveydatasets.xlsx,age_school,60,2021-11-20
2021-07-26,2021-08-01,England,E92000001,0.9229999999999999,0.9,0.9420000000000001,/Users/eidesfun/code/inc2prev/data/ab/20211208covid19infectionsurveydatasets.xlsx,age_school,65,2021-11-20
2021-07-26,2021-08-01,England,E92000001,0.929,0.9059999999999999,0.9470000000000001,/Users/eidesfun/code/inc2prev/data/ab/20211208covid19infectionsurveydatasets.xlsx,age_school,70,2021-11-20
2021-07-26,2021-08-01,England,E92000001,0.92,0.892,0.94,/Users/eidesfun/code/inc2prev/data/ab/20211208covid19infectionsurveydatasets.xlsx,age_school,75,2021-11-20
2021-07-26,2021-08-01,England,E92000001,0.914,0.8809999999999999,0.937,/Users/eidesfun/code/inc2prev/data/ab/20211208covid19infectionsurveydatasets.xlsx,age_school,80,2021-11-20
2021-08-02,2021-08-08,England,E92000001,0.747,0.688,0.797,/Users/eidesfun/code/inc2prev/data/ab/20211208covid19infectionsurveydatasets.xlsx,age_school,16,2021-11-20
2021-08-02,2021-08-08,England,E92000001,0.9329999999999999,0.912,0.948,/Users/eidesfun/code/inc2prev/data/ab/20211208covid19infectionsurveydatasets.xlsx,age_school,25,2021-11-20
2021-08-02,2021-08-08,England,E92000001,0.9490000000000001,0.935,0.96,/Users/eidesfun/code/inc2prev/data/ab/20211208covid19infectionsurveydatasets.xlsx,age_school,35,2021-11-20
2021-08-02,2021-08-08,England,E92000001,0.95,0.935,0.961,/Users/eidesfun/code/inc2prev/data/ab/20211208covid19infectionsurveydatasets.xlsx,age_school,50,2021-11-20
2021-08-02,2021-08-08,England,E92000001,0.948,0.9309999999999999,0.961,/Users/eidesfun/code/inc2prev/data/ab/20211208covid19infectionsurveydatasets.xlsx,age_school,60,2021-11-20
2021-08-02,2021-08-08,England,E92000001,0.91,0.883,0.932,/Users/eidesfun/code/inc2prev/data/ab/20211208covid19infectionsurveydatasets.xlsx,age_school,65,2021-11-20
2021-08-02,2021-08-08,England,E92000001,0.915,0.887,0.935,/Users/eidesfun/code/inc2prev/data/ab/20211208covid19infectionsurveydatasets.xlsx,age_school,70,2021-11-20
2021-08-02,2021-08-08,England,E92000001,0.907,0.8759999999999999,0.93,/Users/eidesfun/code/inc2prev/data/ab/20211208covid19infectionsurveydatasets.xlsx,age_school,75,2021-11-20
2021-08-02,2021-08-08,England,E92000001,0.895,0.857,0.922,/Users/eidesfun/code/inc2prev/data/ab/20211208covid19infectionsurveydatasets.xlsx,age_school,80,2021-11-20
2021-08-09,2021-08-15,England,E92000001,0.778,0.725,0.825,/Users/eidesfun/code/inc2prev/data/ab/20211208covid19infectionsurveydatasets.xlsx,age_school,16,2021-11-20
2021-08-09,2021-08-15,England,E92000001,0.945,0.9279999999999999,0.958,/Users/eidesfun/code/inc2prev/data/ab/20211208covid19infectionsurveydatasets.xlsx,age_school,25,2021-11-20
2021-08-09,2021-08-15,England,E92000001,0.9540000000000001,0.9420000000000001,0.965,/Users/eidesfun/code/inc2prev/data/ab/20211208covid19infectionsurveydatasets.xlsx,age_school,35,2021-11-20
2021-08-09,2021-08-15,England,E92000001,0.956,0.9420000000000001,0.966,/Users/eidesfun/code/inc2prev/data/ab/20211208covid19infectionsurveydatasets.xlsx,age_school,50,2021-11-20
2021-08-09,2021-08-15,England,E92000001,0.9540000000000001,0.938,0.965,/Users/eidesfun/code/inc2prev/data/ab/20211208covid19infectionsurveydatasets.xlsx,age_school,60,2021-11-20
2021-08-09,2021-08-15,England,E92000001,0.9209999999999999,0.897,0.941,/Users/eidesfun/code/inc2prev/data/ab/20211208covid19infectionsurveydatasets.xlsx,age_school,65,2021-11-20
2021-08-09,2021-08-15,England,E92000001,0.9209999999999999,0.895,0.94,/Users/eidesfun/code/inc2prev/data/ab/20211208covid19infectionsurveydatasets.xlsx,age_school,70,2021-11-20
2021-08-09,2021-08-15,England,E92000001,0.9129999999999999,0.884,0.935,/Users/eidesfun/code/inc2prev/data/ab/20211208covid19infectionsurveydatasets.xlsx,age_school,75,2021-11-20
2021-08-09,2021-08-15,England,E92000001,0.9059999999999999,0.872,0.9309999999999999,/Users/eidesfun/code/inc2prev/data/ab/20211208covid19infectionsurveydatasets.xlsx,age_school,80,2021-11-20
2021-08-16,2021-08-22,England,E92000001,0.8,0.75,0.843,/Users/eidesfun/code/inc2prev/data/ab/20211208covid19infectionsurveydatasets.xlsx,age_school,16,2021-11-20
2021-08-16,2021-08-22,England,E92000001,0.946,0.93,0.9590000000000001,/Users/eidesfun/code/inc2prev/data/ab/20211208covid19infectionsurveydatasets.xlsx,age_school,25,2021-11-20
2021-08-16,2021-08-22,England,E92000001,0.955,0.9420000000000001,0.965,/Users/eidesfun/code/inc2prev/data/ab/20211208covid19infectionsurveydatasets.xlsx,age_school,35,2021-11-20
2021-08-16,2021-08-22,England,E92000001,0.953,0.9390000000000001,0.9640000000000001,/Users/eidesfun/code/inc2prev/data/ab/20211208covid19infectionsurveydatasets.xlsx,age_school,50,2021-11-20
2021-08-16,2021-08-22,England,E92000001,0.9490000000000001,0.932,0.9620000000000001,/Users/eidesfun/code/inc2prev/data/ab/20211208covid19infectionsurveydatasets.xlsx,age_school,60,2021-11-20
2021-08-16,2021-08-22,England,E92000001,0.915,0.888,0.935,/Users/eidesfun/code/inc2prev/data/ab/20211208covid19infectionsurveydatasets.xlsx,age_school,65,2021-11-20
2021-08-16,2021-08-22,England,E92000001,0.9179999999999999,0.892,0.938,/Users/eidesfun/code/inc2prev/data/ab/20211208covid19infectionsurveydatasets.xlsx,age_school,70,2021-11-20
2021-08-16,2021-08-22,England,E92000001,0.9009999999999999,0.8690000000000001,0.9259999999999999,/Users/eidesfun/code/inc2prev/data/ab/20211208covid19infectionsurveydatasets.xlsx,age_school,75,2021-11-20
2021-08-16,2021-08-22,England,E92000001,0.909,0.8759999999999999,0.934,/Users/eidesfun/code/inc2prev/data/ab/20211208covid19infectionsurveydatasets.xlsx,age_school,80,2021-11-20
2021-08-23,2021-08-29,England,E92000001,0.84,0.795,0.8759999999999999,/Users/eidesfun/code/inc2prev/data/ab/20211208covid19infectionsurveydatasets.xlsx,age_school,16,2021-11-20
2021-08-23,2021-08-29,England,E92000001,0.943,0.925,0.9570000000000001,/Users/eidesfun/code/inc2prev/data/ab/20211208covid19infectionsurveydatasets.xlsx,age_school,25,2021-11-20
2021-08-23,2021-08-29,England,E92000001,0.956,0.9440000000000001,0.966,/Users/eidesfun/code/inc2prev/data/ab/20211208covid19infectionsurveydatasets.xlsx,age_school,35,2021-11-20
2021-08-23,2021-08-29,England,E92000001,0.946,0.9309999999999999,0.9590000000000001,/Users/eidesfun/code/inc2prev/data/ab/20211208covid19infectionsurveydatasets.xlsx,age_school,50,2021-11-20
2021-08-23,2021-08-29,England,E92000001,0.946,0.9279999999999999,0.9590000000000001,/Users/eidesfun/code/inc2prev/data/ab/20211208covid19infectionsurveydatasets.xlsx,age_school,60,2021-11-20
2021-08-23,2021-08-29,England,E92000001,0.905,0.8759999999999999,0.927,/Users/eidesfun/code/inc2prev/data/ab/20211208covid19infectionsurveydatasets.xlsx,age_school,65,2021-11-20
2021-08-23,2021-08-29,England,E92000001,0.912,0.883,0.934,/Users/eidesfun/code/inc2prev/data/ab/20211208covid19infectionsurveydatasets.xlsx,age_school,70,2021-11-20
2021-08-23,2021-08-29,England,E92000001,0.895,0.862,0.9209999999999999,/Users/eidesfun/code/inc2prev/data/ab/20211208covid19infectionsurveydatasets.xlsx,age_school,75,2021-11-20
2021-08-23,2021-08-29,England,E92000001,0.91,0.878,0.935,/Users/eidesfun/code/inc2prev/data/ab/20211208covid19infectionsurveydatasets.xlsx,age_school,80,2021-11-20
2021-08-30,2021-09-05,England,E92000001,0.879,0.843,0.9079999999999999,/Users/eidesfun/code/inc2prev/data/ab/20211208covid19infectionsurveydatasets.xlsx,age_school,16,2021-11-20
2021-08-30,2021-09-05,England,E92000001,0.94,0.9209999999999999,0.9540000000000001,/Users/eidesfun/code/inc2prev/data/ab/20211208covid19infectionsurveydatasets.xlsx,age_school,25,2021-11-20
2021-08-30,2021-09-05,England,E92000001,0.951,0.938,0.963,/Users/eidesfun/code/inc2prev/data/ab/20211208covid19infectionsurveydatasets.xlsx,age_school,35,2021-11-20
2021-08-30,2021-09-05,England,E92000001,0.94,0.922,0.953,/Users/eidesfun/code/inc2prev/data/ab/20211208covid19infectionsurveydatasets.xlsx,age_school,50,2021-11-20
2021-08-30,2021-09-05,England,E92000001,0.937,0.9179999999999999,0.953,/Users/eidesfun/code/inc2prev/data/ab/20211208covid19infectionsurveydatasets.xlsx,age_school,60,2021-11-20
2021-08-30,2021-09-05,England,E92000001,0.892,0.861,0.9179999999999999,/Users/eidesfun/code/inc2prev/data/ab/20211208covid19infectionsurveydatasets.xlsx,age_school,65,2021-11-20
2021-08-30,2021-09-05,England,E92000001,0.899,0.867,0.924,/Users/eidesfun/code/inc2prev/data/ab/20211208covid19infectionsurveydatasets.xlsx,age_school,70,2021-11-20
2021-08-30,2021-09-05,England,E92000001,0.8909999999999999,0.855,0.9179999999999999,/Users/eidesfun/code/inc2prev/data/ab/20211208covid19infectionsurveydatasets.xlsx,age_school,75,2021-11-20
2021-08-30,2021-09-05,England,E92000001,0.904,0.87,0.9309999999999999,/Users/eidesfun/code/inc2prev/data/ab/20211208covid19infectionsurveydatasets.xlsx,age_school,80,2021-11-20
2021-09-06,2021-09-12,England,E92000001,0.9259999999999999,0.902,0.945,/Users/eidesfun/code/inc2prev/data/ab/20211208covid19infectionsurveydatasets.xlsx,age_school,16,2021-11-20
2021-09-06,2021-09-12,England,E92000001,0.95,0.935,0.9620000000000001,/Users/eidesfun/code/inc2prev/data/ab/20211208covid19infectionsurveydatasets.xlsx,age_school,25,2021-11-20
2021-09-06,2021-09-12,England,E92000001,0.9570000000000001,0.9440000000000001,0.966,/Users/eidesfun/code/inc2prev/data/ab/20211208covid19infectionsurveydatasets.xlsx,age_school,35,2021-11-20
2021-09-06,2021-09-12,England,E92000001,0.9470000000000001,0.932,0.96,/Users/eidesfun/code/inc2prev/data/ab/20211208covid19infectionsurveydatasets.xlsx,age_school,50,2021-11-20
2021-09-06,2021-09-12,England,E92000001,0.9440000000000001,0.9259999999999999,0.958,/Users/eidesfun/code/inc2prev/data/ab/20211208covid19infectionsurveydatasets.xlsx,age_school,60,2021-11-20
2021-09-06,2021-09-12,England,E92000001,0.91,0.884,0.932,/Users/eidesfun/code/inc2prev/data/ab/20211208covid19infectionsurveydatasets.xlsx,age_school,65,2021-11-20
2021-09-06,2021-09-12,England,E92000001,0.914,0.8859999999999999,0.935,/Users/eidesfun/code/inc2prev/data/ab/20211208covid19infectionsurveydatasets.xlsx,age_school,70,2021-11-20
2021-09-06,2021-09-12,England,E92000001,0.905,0.872,0.9279999999999999,/Users/eidesfun/code/inc2prev/data/ab/20211208covid19infectionsurveydatasets.xlsx,age_school,75,2021-11-20
2021-09-06,2021-09-12,England,E92000001,0.9159999999999999,0.884,0.9390000000000001,/Users/eidesfun/code/inc2prev/data/ab/20211208covid19infectionsurveydatasets.xlsx,age_school,80,2021-11-20
2021-09-13,2021-09-19,England,E92000001,0.943,0.9229999999999999,0.9570000000000001,/Users/eidesfun/code/inc2prev/data/ab/20211208covid19infectionsurveydatasets.xlsx,age_school,16,2021-11-20
2021-09-13,2021-09-19,England,E92000001,0.9520000000000001,0.938,0.9640000000000001,/Users/eidesfun/code/inc2prev/data/ab/20211208covid19infectionsurveydatasets.xlsx,age_school,25,2021-11-20
2021-09-13,2021-09-19,England,E92000001,0.95,0.9359999999999999,0.961,/Users/eidesfun/code/inc2prev/data/ab/20211208covid19infectionsurveydatasets.xlsx,age_school,35,2021-11-20
2021-09-13,2021-09-19,England,E92000001,0.9440000000000001,0.9279999999999999,0.9570000000000001,/Users/eidesfun/code/inc2prev/data/ab/20211208covid19infectionsurveydatasets.xlsx,age_school,50,2021-11-20
2021-09-13,2021-09-19,England,E92000001,0.9390000000000001,0.919,0.9540000000000001,/Users/eidesfun/code/inc2prev/data/ab/20211208covid19infectionsurveydatasets.xlsx,age_school,60,2021-11-20
2021-09-13,2021-09-19,England,E92000001,0.904,0.875,0.927,/Users/eidesfun/code/inc2prev/data/ab/20211208covid19infectionsurveydatasets.xlsx,age_school,65,2021-11-20
2021-09-13,2021-09-19,England,E92000001,0.904,0.8740000000000001,0.927,/Users/eidesfun/code/inc2prev/data/ab/20211208covid19infectionsurveydatasets.xlsx,age_school,70,2021-11-20
2021-09-13,2021-09-19,England,E92000001,0.89,0.8540000000000001,0.917,/Users/eidesfun/code/inc2prev/data/ab/20211208covid19infectionsurveydatasets.xlsx,age_school,75,2021-11-20
2021-09-13,2021-09-19,England,E92000001,0.907,0.8740000000000001,0.932,/Users/eidesfun/code/inc2prev/data/ab/20211208covid19infectionsurveydatasets.xlsx,age_school,80,2021-11-20
2021-09-20,2021-09-26,England,E92000001,0.9490000000000001,0.932,0.963,/Users/eidesfun/code/inc2prev/data/ab/20211208covid19infectionsurveydatasets.xlsx,age_school,16,2021-11-20
2021-09-20,2021-09-26,England,E92000001,0.951,0.935,0.9620000000000001,/Users/eidesfun/code/inc2prev/data/ab/20211208covid19infectionsurveydatasets.xlsx,age_school,25,2021-11-20
2021-09-20,2021-09-26,England,E92000001,0.946,0.9309999999999999,0.958,/Users/eidesfun/code/inc2prev/data/ab/20211208covid19infectionsurveydatasets.xlsx,age_school,35,2021-11-20
2021-09-20,2021-09-26,England,E92000001,0.935,0.9159999999999999,0.95,/Users/eidesfun/code/inc2prev/data/ab/20211208covid19infectionsurveydatasets.xlsx,age_school,50,2021-11-20
2021-09-20,2021-09-26,England,E92000001,0.92,0.894,0.938,/Users/eidesfun/code/inc2prev/data/ab/20211208covid19infectionsurveydatasets.xlsx,age_school,60,2021-11-20
2021-09-20,2021-09-26,England,E92000001,0.884,0.852,0.9109999999999999,/Users/eidesfun/code/inc2prev/data/ab/20211208covid19infectionsurveydatasets.xlsx,age_school,65,2021-11-20
2021-09-20,2021-09-26,England,E92000001,0.88,0.8440000000000001,0.9079999999999999,/Users/eidesfun/code/inc2prev/data/ab/20211208covid19infectionsurveydatasets.xlsx,age_school,70,2021-11-20
2021-09-20,2021-09-26,England,E92000001,0.873,0.833,0.905,/Users/eidesfun/code/inc2prev/data/ab/20211208covid19infectionsurveydatasets.xlsx,age_school,75,2021-11-20
2021-09-20,2021-09-26,England,E92000001,0.8909999999999999,0.853,0.919,/Users/eidesfun/code/inc2prev/data/ab/20211208covid19infectionsurveydatasets.xlsx,age_school,80,2021-11-20
2021-09-27,2021-10-03,England,E92000001,0.945,0.925,0.9590000000000001,/Users/eidesfun/code/inc2prev/data/ab/20211208covid19infectionsurveydatasets.xlsx,age_school,16,2021-11-20
2021-09-27,2021-10-03,England,E92000001,0.946,0.93,0.9590000000000001,/Users/eidesfun/code/inc2prev/data/ab/20211208covid19infectionsurveydatasets.xlsx,age_school,25,2021-11-20
2021-09-27,2021-10-03,England,E92000001,0.94,0.9229999999999999,0.953,/Users/eidesfun/code/inc2prev/data/ab/20211208covid19infectionsurveydatasets.xlsx,age_school,35,2021-11-20
2021-09-27,2021-10-03,England,E92000001,0.92,0.897,0.938,/Users/eidesfun/code/inc2prev/data/ab/20211208covid19infectionsurveydatasets.xlsx,age_school,50,2021-11-20
2021-09-27,2021-10-03,England,E92000001,0.902,0.872,0.924,/Users/eidesfun/code/inc2prev/data/ab/20211208covid19infectionsurveydatasets.xlsx,age_school,60,2021-11-20
2021-09-27,2021-10-03,England,E92000001,0.8590000000000001,0.821,0.8909999999999999,/Users/eidesfun/code/inc2prev/data/ab/20211208covid19infectionsurveydatasets.xlsx,age_school,65,2021-11-20
2021-09-27,2021-10-03,England,E92000001,0.8590000000000001,0.8170000000000001,0.8909999999999999,/Users/eidesfun/code/inc2prev/data/ab/20211208covid19infectionsurveydatasets.xlsx,age_school,70,2021-11-20
2021-09-27,2021-10-03,England,E92000001,0.852,0.807,0.887,/Users/eidesfun/code/inc2prev/data/ab/20211208covid19infectionsurveydatasets.xlsx,age_school,75,2021-11-20
2021-09-27,2021-10-03,England,E92000001,0.875,0.8320000000000001,0.907,/Users/eidesfun/code/inc2prev/data/ab/20211208covid19infectionsurveydatasets.xlsx,age_school,80,2021-11-20
2021-10-04,2021-10-10,England,E92000001,0.9470000000000001,0.9279999999999999,0.961,/Users/eidesfun/code/inc2prev/data/ab/20211208covid19infectionsurveydatasets.xlsx,age_school,16,2021-11-20
2021-10-04,2021-10-10,England,E92000001,0.9470000000000001,0.93,0.9590000000000001,/Users/eidesfun/code/inc2prev/data/ab/20211208covid19infectionsurveydatasets.xlsx,age_school,25,2021-11-20
2021-10-04,2021-10-10,England,E92000001,0.9440000000000001,0.9279999999999999,0.956,/Users/eidesfun/code/inc2prev/data/ab/20211208covid19infectionsurveydatasets.xlsx,age_school,35,2021-11-20
2021-10-04,2021-10-10,England,E92000001,0.922,0.9009999999999999,0.9390000000000001,/Users/eidesfun/code/inc2prev/data/ab/20211208covid19infectionsurveydatasets.xlsx,age_school,50,2021-11-20
2021-10-04,2021-10-10,England,E92000001,0.9079999999999999,0.88,0.929,/Users/eidesfun/code/inc2prev/data/ab/20211208covid19infectionsurveydatasets.xlsx,age_school,60,2021-11-20
2021-10-04,2021-10-10,England,E92000001,0.862,0.825,0.893,/Users/eidesfun/code/inc2prev/data/ab/20211208covid19infectionsurveydatasets.xlsx,age_school,65,2021-11-20
2021-10-04,2021-10-10,England,E92000001,0.866,0.8270000000000001,0.897,/Users/eidesfun/code/inc2prev/data/ab/20211208covid19infectionsurveydatasets.xlsx,age_school,70,2021-11-20
2021-10-04,2021-10-10,England,E92000001,0.868,0.828,0.899,/Users/eidesfun/code/inc2prev/data/ab/20211208covid19infectionsurveydatasets.xlsx,age_school,75,2021-11-20
2021-10-04,2021-10-10,England,E92000001,0.888,0.8490000000000001,0.9179999999999999,/Users/eidesfun/code/inc2prev/data/ab/20211208covid19infectionsurveydatasets.xlsx,age_school,80,2021-11-20
2021-10-11,2021-10-17,England,E92000001,0.955,0.9390000000000001,0.9670000000000001,/Users/eidesfun/code/inc2prev/data/ab/20211208covid19infectionsurveydatasets.xlsx,age_school,16,2021-11-20
2021-10-11,2021-10-17,England,E92000001,0.9520000000000001,0.9359999999999999,0.963,/Users/eidesfun/code/inc2prev/data/ab/20211208covid19infectionsurveydatasets.xlsx,age_school,25,2021-11-20
2021-10-11,2021-10-17,England,E92000001,0.948,0.934,0.96,/Users/eidesfun/code/inc2prev/data/ab/20211208covid19infectionsurveydatasets.xlsx,age_school,35,2021-11-20
2021-10-11,2021-10-17,England,E92000001,0.9390000000000001,0.9209999999999999,0.953,/Users/eidesfun/code/inc2prev/data/ab/20211208covid19infectionsurveydatasets.xlsx,age_school,50,2021-11-20
2021-10-11,2021-10-17,England,E92000001,0.9209999999999999,0.8959999999999999,0.9390000000000001,/Users/eidesfun/code/inc2prev/data/ab/20211208covid19infectionsurveydatasets.xlsx,age_school,60,2021-11-20
2021-10-11,2021-10-17,England,E92000001,0.887,0.8540000000000001,0.9129999999999999,/Users/eidesfun/code/inc2prev/data/ab/20211208covid19infectionsurveydatasets.xlsx,age_school,65,2021-11-20
2021-10-11,2021-10-17,England,E92000001,0.889,0.855,0.9159999999999999,/Users/eidesfun/code/inc2prev/data/ab/20211208covid19infectionsurveydatasets.xlsx,age_school,70,2021-11-20
2021-10-11,2021-10-17,England,E92000001,0.9009999999999999,0.867,0.925,/Users/eidesfun/code/inc2prev/data/ab/20211208covid19infectionsurveydatasets.xlsx,age_school,75,2021-11-20
2021-10-11,2021-10-17,England,E92000001,0.92,0.89,0.9420000000000001,/Users/eidesfun/code/inc2prev/data/ab/20211208covid19infectionsurveydatasets.xlsx,age_school,80,2021-11-20
2021-10-18,2021-10-24,England,E92000001,0.9540000000000001,0.938,0.9670000000000001,/Users/eidesfun/code/inc2prev/data/ab/20211208covid19infectionsurveydatasets.xlsx,age_school,16,2021-11-20
2021-10-18,2021-10-24,England,E92000001,0.9470000000000001,0.93,0.96,/Users/eidesfun/code/inc2prev/data/ab/20211208covid19infectionsurveydatasets.xlsx,age_school,25,2021-11-20
2021-10-18,2021-10-24,England,E92000001,0.943,0.9279999999999999,0.956,/Users/eidesfun/code/inc2prev/data/ab/20211208covid19infectionsurveydatasets.xlsx,age_school,35,2021-11-20
2021-10-18,2021-10-24,England,E92000001,0.93,0.9109999999999999,0.946,/Users/eidesfun/code/inc2prev/data/ab/20211208covid19infectionsurveydatasets.xlsx,age_school,50,2021-11-20
2021-10-18,2021-10-24,England,E92000001,0.9079999999999999,0.88,0.929,/Users/eidesfun/code/inc2prev/data/ab/20211208covid19infectionsurveydatasets.xlsx,age_school,60,2021-11-20
2021-10-18,2021-10-24,England,E92000001,0.888,0.855,0.914,/Users/eidesfun/code/inc2prev/data/ab/20211208covid19infectionsurveydatasets.xlsx,age_school,65,2021-11-20
2021-10-18,2021-10-24,England,E92000001,0.884,0.8490000000000001,0.912,/Users/eidesfun/code/inc2prev/data/ab/20211208covid19infectionsurveydatasets.xlsx,age_school,70,2021-11-20
2021-10-18,2021-10-24,England,E92000001,0.9059999999999999,0.8759999999999999,0.93,/Users/eidesfun/code/inc2prev/data/ab/20211208covid19infectionsurveydatasets.xlsx,age_school,75,2021-11-20
2021-10-18,2021-10-24,England,E92000001,0.932,0.9059999999999999,0.9520000000000001,/Users/eidesfun/code/inc2prev/data/ab/20211208covid19infectionsurveydatasets.xlsx,age_school,80,2021-11-20
2021-10-25,2021-10-31,England,E92000001,0.956,0.941,0.968,/Users/eidesfun/code/inc2prev/data/ab/20211208covid19infectionsurveydatasets.xlsx,age_school,16,2021-11-20
2021-10-25,2021-10-31,England,E92000001,0.9490000000000001,0.9329999999999999,0.961,/Users/eidesfun/code/inc2prev/data/ab/20211208covid19infectionsurveydatasets.xlsx,age_school,25,2021-11-20
2021-10-25,2021-10-31,England,E92000001,0.941,0.925,0.9540000000000001,/Users/eidesfun/code/inc2prev/data/ab/20211208covid19infectionsurveydatasets.xlsx,age_school,35,2021-11-20
2021-10-25,2021-10-31,England,E92000001,0.9209999999999999,0.899,0.9390000000000001,/Users/eidesfun/code/inc2prev/data/ab/20211208covid19infectionsurveydatasets.xlsx,age_school,50,2021-11-20
2021-10-25,2021-10-31,England,E92000001,0.902,0.873,0.924,/Users/eidesfun/code/inc2prev/data/ab/20211208covid19infectionsurveydatasets.xlsx,age_school,60,2021-11-20
2021-10-25,2021-10-31,England,E92000001,0.895,0.8640000000000001,0.919,/Users/eidesfun/code/inc2prev/data/ab/20211208covid19infectionsurveydatasets.xlsx,age_school,65,2021-11-20
2021-10-25,2021-10-31,England,E92000001,0.893,0.8590000000000001,0.919,/Users/eidesfun/code/inc2prev/data/ab/20211208covid19infectionsurveydatasets.xlsx,age_school,70,2021-11-20
2021-10-25,2021-10-31,England,E92000001,0.927,0.902,0.946,/Users/eidesfun/code/inc2prev/data/ab/20211208covid19infectionsurveydatasets.xlsx,age_school,75,2021-11-20
2021-10-25,2021-10-31,England,E92000001,0.948,0.9259999999999999,0.963,/Users/eidesfun/code/inc2prev/data/ab/20211208covid19infectionsurveydatasets.xlsx,age_school,80,2021-11-20
2021-11-01,2021-11-07,England,E92000001,0.955,0.9390000000000001,0.968,/Users/eidesfun/code/inc2prev/data/ab/20211208covid19infectionsurveydatasets.xlsx,age_school,16,2021-11-20
2021-11-01,2021-11-07,England,E92000001,0.9470000000000001,0.9309999999999999,0.96,/Users/eidesfun/code/inc2prev/data/ab/20211208covid19infectionsurveydatasets.xlsx,age_school,25,2021-11-20
2021-11-01,2021-11-07,England,E92000001,0.935,0.917,0.9490000000000001,/Users/eidesfun/code/inc2prev/data/ab/20211208covid19infectionsurveydatasets.xlsx,age_school,35,2021-11-20
2021-11-01,2021-11-07,England,E92000001,0.92,0.899,0.938,/Users/eidesfun/code/inc2prev/data/ab/20211208covid19infectionsurveydatasets.xlsx,age_school,50,2021-11-20
2021-11-01,2021-11-07,England,E92000001,0.895,0.863,0.9179999999999999,/Users/eidesfun/code/inc2prev/data/ab/20211208covid19infectionsurveydatasets.xlsx,age_school,60,2021-11-20
2021-11-01,2021-11-07,England,E92000001,0.898,0.868,0.922,/Users/eidesfun/code/inc2prev/data/ab/20211208covid19infectionsurveydatasets.xlsx,age_school,65,2021-11-20
2021-11-01,2021-11-07,England,E92000001,0.912,0.883,0.9329999999999999,/Users/eidesfun/code/inc2prev/data/ab/20211208covid19infectionsurveydatasets.xlsx,age_school,70,2021-11-20
2021-11-01,2021-11-07,England,E92000001,0.946,0.9259999999999999,0.96,/Users/eidesfun/code/inc2prev/data/ab/20211208covid19infectionsurveydatasets.xlsx,age_school,75,2021-11-20
2021-11-01,2021-11-07,England,E92000001,0.958,0.9390000000000001,0.971,/Users/eidesfun/code/inc2prev/data/ab/20211208covid19infectionsurveydatasets.xlsx,age_school,80,2021-11-20
2021-11-08,2021-11-14,England,E92000001,0.9590000000000001,0.9420000000000001,0.97,/Users/eidesfun/code/inc2prev/data/ab/20211208covid19infectionsurveydatasets.xlsx,age_school,16,2021-11-20
2021-11-08,2021-11-14,England,E92000001,0.9490000000000001,0.932,0.961,/Users/eidesfun/code/inc2prev/data/ab/20211208covid19infectionsurveydatasets.xlsx,age_school,25,2021-11-20
2021-11-08,2021-11-14,England,E92000001,0.937,0.919,0.951,/Users/eidesfun/code/inc2prev/data/ab/20211208covid19infectionsurveydatasets.xlsx,age_school,35,2021-11-20
2021-11-08,2021-11-14,England,E92000001,0.924,0.903,0.941,/Users/eidesfun/code/inc2prev/data/ab/20211208covid19infectionsurveydatasets.xlsx,age_school,50,2021-11-20
2021-11-08,2021-11-14,England,E92000001,0.9009999999999999,0.87,0.924,/Users/eidesfun/code/inc2prev/data/ab/20211208covid19infectionsurveydatasets.xlsx,age_school,60,2021-11-20
2021-11-08,2021-11-14,England,E92000001,0.915,0.889,0.935,/Users/eidesfun/code/inc2prev/data/ab/20211208covid19infectionsurveydatasets.xlsx,age_school,65,2021-11-20
2021-11-08,2021-11-14,England,E92000001,0.937,0.9159999999999999,0.9540000000000001,/Users/eidesfun/code/inc2prev/data/ab/20211208covid19infectionsurveydatasets.xlsx,age_school,70,2021-11-20
2021-11-08,2021-11-14,England,E92000001,0.961,0.945,0.972,/Users/eidesfun/code/inc2prev/data/ab/20211208covid19infectionsurveydatasets.xlsx,age_school,75,2021-11-20
2021-11-08,2021-11-14,England,E92000001,0.966,0.95,0.977,/Users/eidesfun/code/inc2prev/data/ab/20211208covid19infectionsurveydatasets.xlsx,age_school,80,2021-11-20
2021-11-15,2021-11-20,England,E92000001,0.9670000000000001,0.95,0.9790000000000001,/Users/eidesfun/code/inc2prev/data/ab/20211208covid19infectionsurveydatasets.xlsx,age_school,16,2021-11-20
2021-11-15,2021-11-20,England,E92000001,0.9570000000000001,0.94,0.9690000000000001,/Users/eidesfun/code/inc2prev/data/ab/20211208covid19infectionsurveydatasets.xlsx,age_school,25,2021-11-20
2021-11-15,2021-11-20,England,E92000001,0.9540000000000001,0.9390000000000001,0.965,/Users/eidesfun/code/inc2prev/data/ab/20211208covid19infectionsurveydatasets.xlsx,age_school,35,2021-11-20
2021-11-15,2021-11-20,England,E92000001,0.94,0.922,0.955,/Users/eidesfun/code/inc2prev/data/ab/20211208covid19infectionsurveydatasets.xlsx,age_school,50,2021-11-20
2021-11-15,2021-11-20,England,E92000001,0.9179999999999999,0.89,0.9390000000000001,/Users/eidesfun/code/inc2prev/data/ab/20211208covid19infectionsurveydatasets.xlsx,age_school,60,2021-11-20
2021-11-15,2021-11-20,England,E92000001,0.943,0.9229999999999999,0.9590000000000001,/Users/eidesfun/code/inc2prev/data/ab/20211208covid19infectionsurveydatasets.xlsx,age_school,65,2021-11-20
2021-11-15,2021-11-20,England,E92000001,0.961,0.943,0.973,/Users/eidesfun/code/inc2prev/data/ab/20211208covid19infectionsurveydatasets.xlsx,age_school,70,2021-11-20
2021-11-15,2021-11-20,England,E92000001,0.976,0.9640000000000001,0.9840000000000001,/Users/eidesfun/code/inc2prev/data/ab/20211208covid19infectionsurveydatasets.xlsx,age_school,75,2021-11-20
2021-11-15,2021-11-20,England,E92000001,0.975,0.958,0.985,/Users/eidesfun/code/inc2prev/data/ab/20211208covid19infectionsurveydatasets.xlsx,age_school,80,2021-11-20
